,rnum,publisher,creator,collectionDb,title,subjectKeyword,referenceIdentifier,alternativeTitle,extent,medium,temporal,reference,rights,source,charge,venue,time,description,subDescription,spatial,url
0,1,,공공데이터포털,시티투어데이터 DB,서귀포 원도심 주요 관광지 등,,,,순환형,,,시티투어문의처: 064-760-2653 | 관리기관문의처: 064-760-2653,서귀포시 관광진흥과,seogwipocitytour.jejudoevent.com/,현금 : 1200원. 카드 : 1150원 | 해당사항 없음,탑승장소: 향토오일시장. 매일올레시장. 아랑조을거리. 외돌개. 천지연폭포. 새연교.칠십리음식특화거리. 자구리공원. 서복전시관. 정방폭포,09:00 ~ 21:35,코스정보: 홈페이지 및 리플릿 참조,경유지정보: 홈페이지 및 리플릿 참조 | 부가정보: 홈페이지 및 리플릿 참조 | 운행정보: 홈페이지 및 리플릿 참조,제주특별자치도 서귀포시,-
1,2,,공공데이터포털,시티투어데이터 DB,제주시 순환형코스,,,,순환형,,,시티투어문의처: 064-741-8784 | 관리기관문의처: 064-741-8784,제주특별자치도관광협회,http://www.jejucitybus.com/,성인:12000원+소인및청소년:8000원+장애인및국가유공자:6000원+48개월미만:무료 | (1회이용권)성인·소인및청소년:3000원+48개월미만:무료,탑승장소: 제주국제공항+제주버스터미널+제주시청+제주연안여객터미널+동문시장+제주민속오일시장+한라수목원등,09:00~19:00(막차 17:00출발),코스정보: 제주시의 주요 관광지 뿐만 아니라 제주국제공항과 크루즈여객터미널. 제주연안여객터미널. 제주버스터미널등 교통의 요지를 두루 거치며 제주의 전통재래시장 및 해안도로를 연계하는 코스,경유지정보: 삼성혈+원도심+면세점등홈페이지참고 | 부가정보: 탐라순방코스(역사코스) / 오름코스 / 제주문화예술코스(원도심코스) / 올레해변코스 / 포토타임코스 / 힐링코스 / 쇼핑코스로 나눠서 여행 가능 | 운행정보: 1일 9회 운행,제주특별자치도 제주시,-
2,3,,공공데이터포털,시티투어데이터 DB,서귀포 원도심 주요 관광지 등,,,,순환형,,,시티투어문의처: 064-732-1330 | 관리기관문의처: 064-760-2653,서귀포시 관광진흥과,http://www.seogwipo.go.kr/group/culture/tourism/electricity.htm,현금:1200원+카드:1150원 | 해당사항없음,탑승장소: 향토오일시장+매일올레시장+아랑조을거리+외돌개+천지연폭포+새연교+칠십리음식특화거리+자구리공원+서복전시관+정방폭포,09:00 ~ 21:35,코스정보: 친환경 전기버스를 이용하여 원도심에 있는 주요관광지와 전통시장 등을 여행할 수 있는 순환형 버스투어,경유지정보: 이중섭거리/미술관등 | 부가정보: 교통비가 절약되는 무료 환승 이용방법은 제주버스 하차 태그 후 40분 이내 | 운행정보: 홈페이지 및 리플릿 참조,제주특별자치도 서귀포시,-
3,4,MPKB22,제주여성역사,이뮤지엄 DB,수저,,www.emuseum.go.kr/openapi/img?serviceKey=LpKAo6j6Ok8w7d0uKTJnSIgADjrr34dWtISC0VIHCT6Y%2BQTvtEMT17wQ1uwUKS6htpJmRPbyfN4fuwsnjTV6%2Ft8l6Zxc3WDCOoulbR%2FS9B74o5PW8236s3cAIiddzuliFo9HsrhXxhQ%3D&imageId=OVhza3VWa21jMHJ6WkovZXYxdkVHQVZJeVUwWjVvamRjTlVkVU9XZGZpaHIvYlh5ckczbjBSUE9jWnN1RnhTdWN5aTE5T3ptQUwvTHBUaEd1UXFjM1E9PQ%3D%3D,,"길이 20.8cm, 너비 5cm",금속-기타,광복이후,,,,,,,,식생활-음식기-기타,국적:한국||출토지:제주도-제주시,http://www.emuseum.go.kr/detail?relicId=PS0100316300100105700000
4,5,MPKB22,제주여성역사,이뮤지엄 DB,수저,,www.emuseum.go.kr/openapi/img?serviceKey=AGKUlJ0nU%2Bon7o%2Bkp%2FKLr0yq3lCdbx5qNg0EBTfw32R0Ygaz%2F%2BerLef1ceMiqUD%2B0jLSKBQq157iJZvTH1l2RjL%2FYyAMBNwDLKi%2F4yAJI3uz%2FUckkTOWnw1%2B5ciCn2zcg4zXltHojhM%3D&imageId=MGtEWW1UTklncFNHYktjL0h4TEVDVS83UTBjMkVkNHZDcmVhTXdNRGJiOTFBYXpnQVFoT0t5bzhnUzVxQjZ1SCtDRVAxdDlXL3hZd2lHNktFNjdnUlE9PQ%3D%3D,,"길이 20.1cm, 너비 4.8cm",금속-기타,광복이후,,,,,,, 일반적인 놋수저의 형태를 보여준다. 상태는 양호한 편이다.,식생활-음식기-기타,국적:한국||출토지:제주도-제주시,http://www.emuseum.go.kr/detail?relicId=PS0100316300100105800000
5,6,MPKB22,제주여성역사,이뮤지엄 DB,바구니,,www.emuseum.go.kr/openapi/img?serviceKey=4Is%2FfJUHh9A0OiPMre%2FoYK%2FFjifRfdxh89qrCwLuTfgHKSNZt%2FYZo9q%2Bu368BOzYPg%2BYcPpwxBxY8Ivt1yQDeLP1leatXp%2BF6uHhjbZdh4lrpN9zjqv9ovlmSoAtNhGZV2jfIBnC6UA%3D&imageId=c1o4Z20rMjRBWHQvMEdVUG52d0p5QUVGNUV4R3BKNFpPaXM2eFo3V2hXdzg0UXN3YkFIWnA3c3hwc1NXR2kzaHdZZGhtZVFlNnRPZ2ZVTmRPc3FjUEE9PQ%3D%3D,,"가로 43cm, 세로 35cm, 높이 17.2cm",나무-대나무,광복이후,,,,,,, 제주도의 일반적인 바구니의 형태를 보여준다. 상태는 양호한 편이다. 유물1064번의 몸통으로 보인다.,식생활-음식기-저장운반,국적:한국||출토지:제주도-제주시,http://www.emuseum.go.kr/detail?relicId=PS0100316300100106300000
6,7,MPKB22,제주여성역사,이뮤지엄 DB,수저,,www.emuseum.go.kr/openapi/img?serviceKey=vT2DkxQTGXiqUTu%2FMU54luxHSfDuz%2FhWanImbt4eNPcSB75z6Z%2F%2FXZgLjUFnhuCVPRfAAa7BeQpoWqiIzq2wkv%2FJRDHkmTtpLOBPL9QZuKryYNowV%2By6sCxtyw2RgrBxKumdcDe7NC8%3D&imageId=enRXK1k3TTU1ckZDcllBOHVlc2VYelFmWEQ4SjU1UEFKQ2RnWmZCZ3cwd001dHlTaWJGZ09QZnZuNzRqbzFkWlRrdnZBMjcrdWJUTE5mNDVYdW1zRUE9PQ%3D%3D,,"길이 20.5cm, 너비 5cm",금속-기타,광복이후,,,,,,, 일반적인 놋수저의 형태를 보여준다. 상태는 양호한 편이다.,식생활-음식기-기타,국적:한국||출토지:제주도-제주시,http://www.emuseum.go.kr/detail?relicId=PS0100316300100105900000
7,8,MPKB22,제주여성역사,이뮤지엄 DB,수저,,www.emuseum.go.kr/openapi/img?serviceKey=Z4fy3Bj0mr2HkblRoPEH0xCIYygzrzeBRV%2FouqfjDKRt9tZbkiiwnVbagbjI%2F98srMn%2BtKsApEBnylsRoOcXZ9GZQhbbvVqu%2Fv7HM%2Fypd1ASRUb9lyMqy2eEb9iNYFb98ERxRqjjyNk%3D&imageId=cGlxUEYxcG8vQXltRDFHTkNxWW9BZWgzSkVjVWpWM2dwVWhBSkVmRDJjUERCQ09hbEVsTWhPM3R0eGVKa2VLUmFlTG1SQWxmcVdZS0gyZWZhcy9Fbmc9PQ%3D%3D,,"길이 19.8cm, 너비 4.7cm",금속-기타,광복이후,,,,,,, 일반적인 놋수저의 형태를 보여준다. 상태는 양호한 편이다.,식생활-음식기-기타,국적:한국||출토지:제주도-제주시,http://www.emuseum.go.kr/detail?relicId=PS0100316300100106000000
8,9,MPKB22,제주여성역사,이뮤지엄 DB,밥주걱,,www.emuseum.go.kr/openapi/img?serviceKey=5QKjFgtMkxrNmISzKYZyXVhilP9KxeriblnSIN4SDxQh8jiX3O6LFQvO7UlrqrlPEHp8vbvurehD0JI2SCccNDQaXoeCBsfh6SkTixlthCJNsiag%2B0xHqc2hWmB2fB9ISd8QM1k3D0E%3D&imageId=dzVLckNicGRUUGxreU4yazZxRUxLS0lpZ2NaaUk1dDRKZzRVMFNpeWRscGVtOXZ2U09HbmZ1QmxFU0NES1p2dnpZVUlrZGwzUHNrRk9ESGxhR25jVlE9PQ%3D%3D,,"길이 27.5cm, 너비 14cm",금속-기타,광복이후,,,,,,, 일반적인 밥주걱의 형태를 보여준다. 상태는 양호한 편이다.,식생활-음식기-기타,국적:한국||출토지:제주도-제주시,http://www.emuseum.go.kr/detail?relicId=PS0100316300100106100000
9,10,MPKB22,제주여성역사,이뮤지엄 DB,바구니,,www.emuseum.go.kr/openapi/img?serviceKey=xIMmNRhkZF%2FrMmiN8s4Tu8my9iSlNeg%2ByzBIOASxzg%2FiXExhxw8ykN1OQ834xRF65Ghdks6ODgX%2FgPddo0T12%2FG8PM1ShZIW7exzYQWYk8YTbiurPu5LZwB84xwZFTdL0jdM8xOq8ek%3D&imageId=MzJIMU8rTjlSNFl1SFo2OCtYdDcvYXRNTEZrekQvcEhsTGdlL2Z1Z3YxRU1kUVdqOTREbmlMR0dEU2ZQRG5lWldaVHFNemE1SnV4UStYbVNNQi9XMFE9PQ%3D%3D,,"가로 41cm, 세로 40.5cm, 높이 16.2cm",나무-대나무,광복이후,,,,,,, 제주도의 일반적인 바구니의 형태는 아니다. 다른지방의 바구니 형태인 것으로 보인다. 상태는 양호한 편이다.,식생활-음식기-저장운반,국적:한국||출토지:제주도-제주시,http://www.emuseum.go.kr/detail?relicId=PS0100316300100106200000
10,11,MPKB22,이대자연사,이뮤지엄 DB,Anadara gramosa(부족류),,www.emuseum.go.kr/openapi/img?serviceKey=a4lifrltTnOU7A3gZhw4miP0KPWr%2BVBqkKRw86nGf7poDx9PN1cGVjGIlOw1UywSR2KHp%2FkAlIT51AfOrlXHoVopSW6D81GVr54zxixSWLvFxFBPsvW3FhPd2Qnn14m6N5Xj8i37gfU%3D&imageId=T3BlbXJOcm1uSGZheFk4YXNxU3FZUFZNUDA5VjNSVFMvTkttSUJMZGt1RnZKTUtra2dFZzFLQzRMTW1HTSswQg%3D%3D,,"가로 2.5cm, 세로 2.5cm, 높이 1.5cm",화석-중생대,시대미상,,,,,,,피조개와 비슷한 형태.,미디어-기록물-영상/음성기록,국적:한국||출토지:제주도,http://www.emuseum.go.kr/detail?relicId=PS0100502300130016200000
11,12,MPKB22,제주민속자연사,이뮤지엄 DB,백자접시,,www.emuseum.go.kr/openapi/img?serviceKey=O5v37wywSUwlukNjqOxORaTVEiWyTdTWCoP1XaH81mjLpkb%2B6QrlI0IYcJbA3p6wYyyOuAynoFXxOiQr96cK40%2B3viZaALnX2ajRHoyRxOMydleLwtK2czzc5BiZ0tAfjZtXu%2FptDag%3D&imageId=TzVBTHh3Z0I3UE56cktJSUlleVhVcHVPV1U0M0Zjd3poUXMxYXV4bmtsNFp0dk4xaEJJdmtoci9qL2pNYzUrVUhvQ3p0RGFiallCQWtTVUl0YmhVNGIyZGlmQ2FTRkxB,,"높이 4cm, 입지름 11.5cm, 받침지름 5cm",도자기-백자,조선,,,,,,,깊고 두꺼운 사발 모양의 접시,식생활-음식기-음식-접시,국적:한국||출토지:제주도-제주시,http://www.emuseum.go.kr/detail?relicId=PS0100319100100008700000
12,13,MPKB22,제주민속자연사,이뮤지엄 DB,백자접시,,www.emuseum.go.kr/openapi/img?serviceKey=gzv0s0T%2Fsc44ZomCNZe%2BLFS%2B%2FVBnb%2BFbKH2UTaF3mL6EN5APRGlOWyJxru2%2F8gEVFqr8L%2BdPha33pf%2FiJJeHQbNubXlq3DoA85C%2FETyc41VBC5Ae0vuyc1KYrPYPKqYxqmx6pvCJLt0%3D&imageId=OXVkb2MrRGQrUnZSamVVN0IwbW54UzdubDNNdFFYRThpSC82MkdGTjRQOXN3dmhQd2RPNWRMWWpqaG5WdnNUU0tISDVmTzBBVyszTENoaUF6NDZIaHlOZTN5QUlMMmQ0,,"높이 4cm, 입지름 10cm, 받침지름 4.3cm",도자기-백자,조선,,,,,,,바닥이 깊고 위로 올라갈수록 기벽이 벌어짐,식생활-음식기-음식-접시,국적:한국||출토지:제주도-제주시,http://www.emuseum.go.kr/detail?relicId=PS0100319100100008800000
13,14,MPKB22,제주민속자연사,이뮤지엄 DB,백자무문소병,,www.emuseum.go.kr/openapi/img?serviceKey=wXEe80reu8grLdQqpTCxPvDXi0jPZ8WR%2Fe8mosFzBcZqmQDahzpdSJSsIbYTXThUJvUQh5KQsiGX8X7w5J3IYuv%2BZQ2rgstv9Sib%2Bul7PSid%2BtZ649sBrUFctyGB9E%2Fy1bC7X8yDRRY%3D&imageId=blhtSTA3MDFHRm5GWU9Yb2laYm4ya0VLa3lQSWt2UHpQVG9tMTZuS3NuSVM3b25vMGNyR2VNSlQzM1lLTkY2YWJtYWQ2WGJKQnUyRTVOeEgwOXJNbDU3bTQyRGxvUEpz,,"입지름 4.3cm, 높이 13cm, 바닥지름 5.2cm",도자기-백자,조선,,,,,,,"동체 중앙을 중심으로 위, 아래로 부드럽게 벌어졌으며, 입술도 넓게 벌어져서 전체적으로 아담한 느낌
물, 술 등의 보관용",식생활-음식기-저장운반-병,국적:한국||출토지:제주도-제주시,http://www.emuseum.go.kr/detail?relicId=PS0100319100100006600000
14,15,MPKB22,제주민속자연사,이뮤지엄 DB,분청사기팔각접시,,www.emuseum.go.kr/openapi/img?serviceKey=oec%2BB17D2D7ITYqjVv6fkfaRRJ3SwmvOaevN%2BXiEE6YRiGNeAelsmwwBDejj1A3c4%2FzB0R69J7ecOC%2F4LWCQ9s5XxNWyiLhljVWboIE%2FFBhxvH3O8cBM0LKoZBsGn%2FRwn0atEIpZ4N0%3D&imageId=TFh6aFY3MHpKMWVRM1RzRGJYUnVMdm1Sbktmb1VBdjkwNzYyVDNvQmxyRVYzN3dZZzdaeDY1ODNranhMWXE1aTh4NllCTUtDSXhSL28xak9QNWIyRDJMVFVpL1lPNjhr,,"지름 11cm, 바닥지름 6cm",도자기-분청,조선,,,,,,,"입술 일부 훼손
팔각",식생활-음식기-음식-접시,국적:한국||출토지:제주도-제주시,http://www.emuseum.go.kr/detail?relicId=PS0100319100100050200000
15,16,MPKB22,제주민속자연사,이뮤지엄 DB,분청사기무문접시,,www.emuseum.go.kr/openapi/img?serviceKey=UtatDJRwR7BE37QUowefajKQpvu8z1LWCjpnqseAOR9VFO09u0TbZweMyzltlL8b3w0qq9HrY9Z5P7dvf%2Foiz419IArpNps0ycq8ttxx%2Fqrm%2FK5Y95xBbn2tUT6BiXrBR8cYsTCKw0c%3D&imageId=MTJLNDBUeHNDQkFQWFIzUnhHYk83WXFZNkswckVJY1dkc1lsSmdaaldtZWNMWGpUSnNOMC9jRHU3bkJ4bTBVV0w0SlFSOFBDV09XbUdBMjVlZTdncjlyMk5MUHB6eFpB,,"지름 12.2cm, 받침지름 4.7cm",도자기-분청,조선,,,,,,,"얕은 바닥에 여러개의 동심원문이 그어짐
실금이 있음",식생활-음식기-음식-접시,국적:한국||출토지:제주도-제주시,http://www.emuseum.go.kr/detail?relicId=PS0100319100100050400000
16,17,MPKB22,제주민속자연사,이뮤지엄 DB,분청사기무문접시,,,,"지름 12.5cm, 받침지름 3.7cm",도자기-분청,조선,,,,,,,"유약이 많이 산화됨
바닥이 얕음",식생활-음식기-음식-접시,국적:한국||출토지:제주도-제주시,http://www.emuseum.go.kr/detail?relicId=PS0100319100100050500000
17,18,MPKB22,제주민속자연사,이뮤지엄 DB,토기향로,,www.emuseum.go.kr/openapi/img?serviceKey=DtwdsBXGCbRkS2uNcGFnQs5QWppMT3rnRznfoqtQArk1z72IL40kHI4nydrX4Fmbfbp6hvAgkbaLHBEO%2F%2B%2B7a2Z7CJUdngulMPPs27J4%2FP5wI%2FnJUnQPslYSPI7ing1Bpnbj9F4EkeU%3D&imageId=ZFZUWmFxMmltYjhkL2xycWtMQjNLbHVJeTFFb3daNHhZUGIrdmhuby9WY0tJYnp2UFlCck8zS0dtOE9OcE5tVGtTSDFWM2JHa2tlaENWRFNWREgyZ3lIT1dqd2U0N05T,,"높이 10.2cm, 지름 7.8cm, 바닥지름 11.0cm",흙-경질,신라,,,,,,,"절구모양, 위가 벌어지게 만든 토제향로, 향불을 피우는 그릇",사회생활-의례생활-제례-향로,국적:한국||출토지:제주도-제주시,http://www.emuseum.go.kr/detail?relicId=PS0100319100100050600000
18,19,MPKB22,제주민속자연사,이뮤지엄 DB,청화백자초엽문사발,,www.emuseum.go.kr/openapi/img?serviceKey=q4KbtJz9p1RxzbPKlmyLS8Co8hXAZ8WmGlmKFkaJya9dM%2BDW3KaUnTg92vi%2BrEQEYPdFOEpfYQOfVsnDVP4jyvfkVFwpNQP05Fq7Xnx7XVxowv9XWFGMN7gDpJLlAkvr%2BixaG7w%2FuBc%3D&imageId=OXNpamh1ZUtLcEJ0Uit3WVlGM1VFL2thNERhY1gzTEF4cEhZVmRrZWJaSFVxdGpMbExPTGVxenFKRkE3UUp1RjhTRFpFcHNhUGpzNFdLcjBZZ2lMOFo0T2c4bTRwTmJK,,"입지름 13.5cm, 높이 9.0cm, 받침지름 9.3cm",도자기-분청,조선,,,,,,,아랫부분이 배부른 겉면에 풀꽃잎 서너개가 그려진 사발,식생활-음식기-음식-발,국적:한국||출토지:제주도-제주시,http://www.emuseum.go.kr/detail?relicId=PS0100319100100051800000
19,20,MPKB22,제주민속자연사,이뮤지엄 DB,청화백자화엽문대접,,www.emuseum.go.kr/openapi/img?serviceKey=xyGz8Qv%2BwBA30%2FIu9cl4Wu5eKjZo4il7%2BgovU6BKjhi99o98igKqJ0mGr%2Bc9QOia%2BhzMCiXnbSzwrCg4v4pYEFSBjvQaXcWib4eSYUpWC0YslHpyjRZE1r1KpLOjS6N%2Br9A%2FEMbKoq8%3D&imageId=ZUpLeVpKYTUvUHgzM1BGSnU3a01rQkQ1VWpWVVlMMFFWYkgxTjg0Zm8rTnJaNWQ2eHU0N0VUQWtob0Q5cnVjU0loTDFQbUdNazAxTlFhbnNUb0dLQVhnS2NrOFA5VGRt,,"높이 8.4cm, 입지름 17.0cm, 받침지름 7.0cm",도자기-백자,조선,,,,,,,"입술부에 모란무늬가 그려진 대접
실금이 있고 구연부 일부 훼손",식생활-음식기-음식-대접,국적:한국||출토지:제주도-북제주군,http://www.emuseum.go.kr/detail?relicId=PS0100319100100055300000
20,21,MPKB22,제주민속자연사,이뮤지엄 DB,살레,,,,높이 138.0cm,나무-기타,조선,,,,,,,"대를 얽어 삼단층을 만든 투박한 찬장
그릇보관",주생활-생활용품/가전-가구-찬장,국적:한국||출토지:제주도-제주시,http://www.emuseum.go.kr/detail?relicId=PS0100319100100076800000
21,22,MPKB22,제주민속자연사,이뮤지엄 DB,수저통  ,,www.emuseum.go.kr/openapi/img?serviceKey=xJtOyAnqCiQtUrB1jzk%2FF7SFHpZfY4a7lF6mfIx25KhYkC1XXjeOxQvmgz314ZRV6X4PRWSDsqvdz4m5JcxcDmKcwFCLClaJvwxJDrdOkVAKFd98YohBl3MCaOJEoYWLJUBsIpKZPxo%3D&imageId=d21ObXZPc3gxMGJCRlZNMHdVY3B4WkFFQlk5VFpnUHZpTUpKWWJTckgrVUdPQjFzWStEd3FKVFVvMEZ5bHVoMWNkMFhnQ2xoSDErRXFaV3FCZU53TG1GQ2c4M0puSHhS,,"높이 20.0cm, 지름 12.0cm",나무-대나무,조선,,,,,,,"굵은 대나무의 한마디를 자른통
수저의 보관",식생활-음식기-음식-수저통,국적:한국||출토지:제주도-제주시,http://www.emuseum.go.kr/detail?relicId=PS0100319100100077000000
22,23,MPKB22,제주민속자연사,이뮤지엄 DB,수저통  ,,www.emuseum.go.kr/openapi/img?serviceKey=HVRW9Qj%2Ft69yvHcgQyVNLHQIs%2FfHy5o5EXmipQ793dO%2F1agPE2KznFkhJ1t5cnmt55p1fGBgL1KbyulHnl%2FknZAMJoXW9d3Y852XxaGcdeM8Yfivgz8D9dvUjliqB0DTX9Fx5BMeSYk%3D&imageId=RHpRR0lEWmUzM1dKNGp6T1JTVHk3c3NKNEs3Ky9MQWZaR0lhRVViTjJVVmxZRVRtWE1yM2NSZFVXa2tBT2Nqa28vNFNiaGxOcnd0TGROT2JFcmhXS0N1YVpRaXpCNjRL,,"높이 23.0cm, 지름 12.0cm",나무-대나무,광복이후,,,,,,,"굵은 대나무이 한마디를 자른 통
수저의 보관",식생활-음식기-음식-수저통,국적:한국||출토지:제주도-제주시,http://www.emuseum.go.kr/detail?relicId=PS0100319100100077100000
23,24,MPKB22,제주민속자연사,이뮤지엄 DB,분청사기초엽문접시,,www.emuseum.go.kr/openapi/img?serviceKey=uziPH%2FcnhL3HGmr6WlF4mQ5k6J1ALzcxOITn%2FKINty8VcTfoqX%2FwICUVwwJcKzXiJvuweO1AX6pRv6liubtqEC8I0LaoB6zy3MnSP7CwZJFVxCOm8LG2IL5cYpkmUp%2Fv8qmI%2Bst61X0%3D&imageId=cXdIdTluYk9NbW80ZC9YeHg5dHBQL2VLa2VBem9VdXFRR3NwZnlEbklicE5ZcUxEaDJ4M014dTVBQXhwWkY5bklMbGNmSXUzbHdsTkNtME91UzlpeTNjNE0zVHRIaHRI,,"지름 9.5cm, 받침지름 5.0cm",도자기-분청,조선,,,,,,,"위로 둥글게 벌어진 접시
내면에 내저면에 불규칙한 풀잎 서너개를 그림",식생활-음식기-음식-접시,국적:한국||출토지:제주도-제주시,http://www.emuseum.go.kr/detail?relicId=PS0100319100100051900000
24,25,MPKB22,제주민속자연사,이뮤지엄 DB,곰박      ,,www.emuseum.go.kr/openapi/img?serviceKey=7Tt2oB41HO6gdUR%2FAwpAvIerY0rYLlrUnsDMc0JVhCARr%2FekAyVI44jLT4j7xrCRSTdjzz2x0MHIOTOCo1n%2BSjv8KtjiYhwHhp5j5%2FXVc%2BdizQoF3iJgP1GCaCLwn8vEGoR1jEa498I%3D&imageId=WFNKMGg3d3crT0s5YlN0R3R0UHNxRVNUcEhsd0hpRGM3LzR2ZUViYnBvT1IrR29YRllHWVJ4eHZPOC9yT3U0dS9waUlwYkNlcUhHM3FmQkZENU5ZOWJPUWtMc1gvS2ZM,,지름 22.0cm,나무-기타,조선,,,,,,,"국자모양이나 바닥에 숭숭구멍이 뚫었음, 물에 삶은 음식을 건지는 제구",식생활-음식기-저장운반-함지박,국적:한국||출토지:제주도-북제주군,http://www.emuseum.go.kr/detail?relicId=PS0100319100100052300000
25,26,MPKB22,제주민속자연사,이뮤지엄 DB,분청사기사발,,www.emuseum.go.kr/openapi/img?serviceKey=kO9jaifU0nrZ8RQ8evzDVGu6q5N6m9VA1AzldpyBFgLV1cWEvF4oHEXJ9QUDU%2FDcp7I4oTZxdpLxAxF4WPZHXFoqQFh7J3JClD%2F9h0mxYNNoTsWepAIwX68hdt3%2FqsBwCTabL1cgnLw%3D&imageId=b1NjZ0U2eTNUZE9yU1pyY2FTU01pc1ZlT3hRaERzWlgycDRMVWxxQ2g3eXJ0eFFwaDdQNm9vcjZ3UFpmYjcyVHBSRmxOTlJrMFZROFRqK0FpQ1NhK1k3akNWVmpjd0pk,,"높이 10.0cm, 지름 13.0cm",도자기-분청,조선,,,,,,,"기벽에 잡물이 많이 붙어있음
실금",식생활-음식기-음식-발,국적:한국||출토지:제주도-제주시,http://www.emuseum.go.kr/detail?relicId=PS0100319100100055800000
26,27,MPKB22,제주민속자연사,이뮤지엄 DB,도고리(함지),,www.emuseum.go.kr/openapi/img?serviceKey=48bu8SJi4SE7s3xn3Xp49ZQ0W%2B005sLqX%2BmgOgSlI4e9Fip3Sd70X8W6R9v%2FuM6b3%2B52fTyJNI4g8o4mKYXji%2B3n%2FuGEMhpHch9jjcuNtxrMZvryixu%2BuuaFHj%2FvGxK1ANcZXZ24vnc%3D&imageId=V1FibnpEM2x5UU9OT2JwanEwYmpVclRUKytiR04rS1E4c3E0QWk3NGZrd0FOSTduUnZsdFBMOE1rbEFYMndTdGdlOEZ5ZkgzdDEzYmVzZk5pZTBhZ0dpYXVhUm96YnQ2,,"높이 23.0cm, 지름 82.0cm",나무-기타,조선,,,,,,,,식생활-음식기-저장운반-함지박,국적:한국||출토지:제주도-북제주군,http://www.emuseum.go.kr/detail?relicId=PS0100319100100068100000
27,28,MPKB22,제주여성역사,이뮤지엄 DB,글갱이,,www.emuseum.go.kr/openapi/img?serviceKey=8zoUjV%2FwP9mQafbxvT3snZ%2FB04nXcZtwjaHeZVCcu3%2Bb5jEo82vWlUwGz5EG8K4JI09TbQXSLFs4OMHPnt1DS1Rw15rGpFZZMLshXfdLZnTQNNps20%2FQIWG5%2BW%2BvC%2BFYXtIKjW54lwY%3D&imageId=S1NZRVJPRTNCS1VRYVpMbGRLOFIxeno1R0dGdnFJRjk3WWxUTVVzdGk5UFJ6VFBWZ1N2aWlQaTV3b3RTUGdYU1E5TEg4UXJFdGM3Z2lpbkNxZmlRQUE9PQ%3D%3D,,"전체길이 36cm, 전체너비 9cm, 자루길이 12cm",금속-철,광복이후,,,,,,,"일반적인 호맹이의 모습을 하고 있다.
전체적으로 양호하나 금속부분에 부식이 있어 관리가 필요하다.",산업/생업-어업-어로-기타,국적:한국||출토지:제주도-서귀포시,http://www.emuseum.go.kr/detail?relicId=PS0100316300100103600000
28,29,MPKB22,제주여성역사,이뮤지엄 DB,빗창,,www.emuseum.go.kr/openapi/img?serviceKey=GKkjmJTuEoRKAMBah3uhFjD3mMYbX173DuqCTxwaMjij4hzTfRWCIILUcQJmd1kwRS8yL%2FFVvfkRb1Uz9px3frw2fQqXtxjFG%2F%2BE5ioGfnLvzW4aAGs5ndLV6IMZmt%2BZiMKlkLY7Stk%3D&imageId=ekVDa0FkMUZxbEhXTTRzQzE0MjJIVWFCaFMxcEZkT2lzalVnR2tuY0pucDZiRHdpRlliVCs5U2p4TCtKVW9TSlg5ditoL2FoTm8rYnFFaW9xUUdVMGc9PQ%3D%3D,,"전체길이 28.8cm, 전체너비 2.3cm",금속-철,광복이후,,,,,,,"일반적인 빗창의 모양을 하고 있다. 
부식이 심해서 관리가 필요하다.",산업/생업-어업-어로-비창,국적:한국||출토지:제주도-서귀포시,http://www.emuseum.go.kr/detail?relicId=PS0100316300100103700000
29,30,MPKB22,제주여성역사,이뮤지엄 DB,소살,,www.emuseum.go.kr/openapi/img?serviceKey=is902bKKLQMdnEo2v722pA89MAdbL5V%2BpyvH68ADwmg3wxj%2BSSnmT5k9HeQazVJGmpF3mkdevKaeoEdancJU74Sh%2FTySlKs6N4IE5NjTEZLX8s0GGPZDauq0o9%2BzGcIeijE94QLCgeA%3D&imageId=ZjVxM25GY1duaFVuR1pNQkpQTmpUTVp0VXc0Z3JqTHVTZzVoTEgrdlAvMzJzWEdEazV5dlpNMzlWRVVJejBaVGV0RnZTbnBON1NzR3pXbDhXc0lIbWc9PQ%3D%3D,,"전체길이 140cm, 전체너비 1.8cm",금속-철,광복이후,,,,,,,"일반적인 소살의 모양을 하고 있다.
대 끝에 달려 있는 고무줄은 현재 일부만 남아있다. 전체적으로 조록부분인 대나무는 양호한편이나 솰부분인 금속은 부식이 진행되어 관리가 필요하다.",산업/생업-어업-어로-작살,국적:한국||출토지:제주도-서귀포시,http://www.emuseum.go.kr/detail?relicId=PS0100316300100103800000
30,31,MPKB22,제주여성역사,이뮤지엄 DB,호맹이,,www.emuseum.go.kr/openapi/img?serviceKey=Iuo1VW%2B1dPOxPvd%2FH%2Fy9KPPQqrSDx8cDlWfaeZc5ozEja7eyiBVs6kWDhAFThgv3Xy7VZEuzvbVMP2htmzI%2B0%2B7R9c02V2Qe4zeVP4bn17cUVUh4%2BM7nfRS%2BUIYWqAUAybzkE78zKdk%3D&imageId=ME9vMnk2b0ZCNlhXeXlmK0VzRER0bzJnZkJLZTI4aG1sRzZ0Q3ppU2M4blg1dlRFY3ZaNFJSY3duWVBkci9HUFg4TWE0WUtRQmlmRzdXMVFTWnpsa3c9PQ%3D%3D,,"전체길이 33cm, 전체너비 10cm, 끈길이 20cm",금속-철,광복이후,,,,,,,"일반적인 호맹이의 모양을 하고 있다.
조록부분인 나무는 양호한편이나, 날부분인 철은 부식이 심한 상태여서 관리가 필요하다.",산업/생업-어업-어로-기타,국적:한국||출토지:제주도-서귀포시,http://www.emuseum.go.kr/detail?relicId=PS0100316300100103900000
31,32,MPKB22,제주여성역사,이뮤지엄 DB,닻돌,,www.emuseum.go.kr/openapi/img?serviceKey=1eJt8%2FqrCRQU4GXbCqKzOMP2fhY2LoYLDTdsDtKy88Z8qFghdsrZhIEwdi0zF6IJgxIK4J5a%2B7lsCyyLG1IYN410k8tCtLELoCUI53c6DRUv0xomUOmc1N%2B9IDCWJ2hqNa05fIzbV0U%3D&imageId=UkZUdktkbEhxcTNFSXNPRXAyT2taMitQZ2ozalpLUnVRRTFMVWpBZTUrUzBnVXBrVFRQdjBkRmdKaVl2bVBCaS9nMkVCbS84RGY3YktCTHZqeCtGRGc9PQ%3D%3D,,"전체길이 65cm, 전체너비 14cm",돌-현무암,광복이후,,,,,,,"물에 가라앉게 하기 위해 만든 닻돌이다. 
닻돌을 담는 잧 조래기가 한 세트로 구성되어있다. 상태는 양호한편이다.",산업/생업-어업-어로-기타,국적:한국||출토지:제주도-제주시,http://www.emuseum.go.kr/detail?relicId=PS0100316300100104000000
32,33,MPKB22,제주여성역사,이뮤지엄 DB,납덩이,,www.emuseum.go.kr/openapi/img?serviceKey=8W%2FXuEtoEAGt8YvfPblrBRGoauILCILiW0Dg6j6RUEzBjzZDw%2FZqU8tGJ%2F%2FzyhHDwNYMaUPxCMOU%2BZuGRsqc1qjpUsBVZsV%2BOXPNMEi4QQxypKCFf0yTrYvSIj47xT6ruEiT5XUuqOc%3D&imageId=OGVBWmQwSEtsMldRZTNwRUcxb3k4RlJKdm1RVDd0QWp5SU9vc0xvTkZ3WkZHOXR4aVI2SkgvNFN5c01KckM3ejNIZHN0Tjl0dlJWanErSVBUR0pBcXc9PQ%3D%3D,,"전체길이 83.5cm, 전체너비 8.5cm",금속-납,광복이후,,,,,,,"해녀들이 물질할 때 허리에 차던 닻돌이다. 전근대에는 돌을 사용하였지만, 근대 이후에 납덩이를 사용했던 것 같다. 
해녀들이 자맥질 할 때 가라앉기 용이함을 위해 사용되었다.
상태는 양호하다.",산업/생업-어업-어로-기타,국적:한국||출토지:제주도-서귀포시,http://www.emuseum.go.kr/detail?relicId=PS0100316300100104100000
33,34,MPKB22,제주여성역사,이뮤지엄 DB,차롱,,www.emuseum.go.kr/openapi/img?serviceKey=gVO5DWxItIaL975E3Avb19CJKEFdRpIQyUdOxetyIKR2noi0wfkLltPShIt8ka3ML1Su%2B%2Bm5LkMuESbryXf0SkNLlE6xEwzrs4CnITjP3RQ7e7h%2Bw%2F46PJTnZtCfE6rB%2FIny1bnog9s%3D&imageId=a0JyYncyT0JwTkIybEpaNjFNUEJhdVZQNkVqR1IrWTFVMVEzR0s3NXJ1Y1pWTmk1ODhiZyswNkczcGw1NVFYQ0hYRXlKOUc4Wk80WlZRQ1JSYjJGeFE9PQ%3D%3D,,"가로 32.5cm, 세로 28.5cm, 높이 15cm",나무-대나무,광복이후,,,,,,,"일반적인 차롱의 형태이다.
상태는 양호하다.",식생활-음식기-저장운반-기타,국적:한국||출토지:제주도-서귀포시,http://www.emuseum.go.kr/detail?relicId=PS0100316300100104200000
34,35,MPKB22,제주여성역사,이뮤지엄 DB,차롱,,www.emuseum.go.kr/openapi/img?serviceKey=Y8A2f00454EfnesZupmBBf0dHPsfk6ih6fz2vgShyRdSqGPhTELYGg89ZdLsHXR9QOay%2BnO1pLTcCrNQ2TwxlMGwfr9XGVxmBuYmKh9254JQzvj9ARRqyWFLeQ4PDqhw%2BfLPQtIoIBQ%3D&imageId=L3lLV2pnL1ZTM1VyUVdHZWJlTDdrcC85d2pyU25lU29SelZWZ3U3dlBTMlBXSkhlNkpQWndsV25jZktsTitxdVRsK05nQ1BWakVvS3Rmbk5JcmI5c2c9PQ%3D%3D,,"가로 41.5cm, 세로 35cm, 높이 18.5cm",나무-대나무,광복이후,,,,,,,"일반적인 차롱의 형태를 지닌다.
상태는 양호하다.",식생활-음식기-저장운반-기타,국적:한국||출토지:제주도-서귀포시,http://www.emuseum.go.kr/detail?relicId=PS0100316300100104300000
35,36,MPKB22,제주여성역사,이뮤지엄 DB,구덕,,www.emuseum.go.kr/openapi/img?serviceKey=fGCRKgYrweyGIAndMHG%2BQeuq0ZS8RBzU82mMnTFE8vdm%2BJZe9sSxGflLCOVmA5Ku7rf6iDQXlKmAjZ7Xaf8kgtSQAdfA9WTmdLKMH5p6mKqpRqYrHu4RCO%2BABdU3nUUqgJzmdwkfeik%3D&imageId=Nks4T2EvNDhzSGJPMnEwejd5cURSbjJXWWF5OEROeXYzaS9sL0xwNW5wNTRIakxGY2RoWEt4YW9ndm9RYkFJZmZPN2ZMTHJGMWczM0s3eVJ0OC90WGc9PQ%3D%3D,,"가로 30cm, 세로 29cm, 높이 15cm",나무-대나무,광복이후,,,,,,,"일반적인 구덕의 형태다.
상태는 양호하다.",식생활-음식기-저장운반-구덕,국적:한국||출토지:제주도-서귀포시,http://www.emuseum.go.kr/detail?relicId=PS0100316300100104400000
36,37,MPKB22,제주여성역사,이뮤지엄 DB,구덕,,www.emuseum.go.kr/openapi/img?serviceKey=vE%2FDKoOle7nZIgUp3MVcTxa%2FZ%2FliyGxnGDhxHSSSH5ebfnKAF5piUcr8C6uksNSZQnhXDlVXoKnDK9C90soEaLAoL7IiNlPbHoyYae6CtChdfScfCP2DoDWpIqcnBNdb4ayB1Q%2BuN7Q%3D&imageId=NlZVZEd6YWpCTnZSN3dMOFZmMnE4SEZQai9XUi9HU3R5eWJyTFdvQTNPOXBQMHVKcU1zSnV3YTlZQ0IySkk3U0RJS1l3cDVBaU1JWllHNkQ5WmJHMWc9PQ%3D%3D,,"가로 38cm, 세로 36cm, 높이 21cm",나무-대나무,광복이후,,,,,,,"일반적인 구덕의 형태이다.
상태는 양호하다.",식생활-음식기-저장운반-구덕,국적:한국||출토지:제주도-서귀포시,http://www.emuseum.go.kr/detail?relicId=PS0100316300100104500000
37,38,MPKB22,제주여성역사,이뮤지엄 DB,김구범 제1과장 및 윤기원 제주서장 송별기념회(김중규 사진),,www.emuseum.go.kr/openapi/img?serviceKey=nZh%2FmCpiJsoLnuuYsHnSZeZoTyWzymI0vQyoqPHTjZxe3JqnZbxxzfzCwxP7lp31BMWGLkAn%2FPhqOrhQ5oxrvph5TJC%2BMI0jrE0ZSdw7yANst%2BAHv1DqviOhPpGUh1skPjSkxAH1MsY%3D&imageId=MklBMEowWW5leDFQTU8zeFl5b0l2eWp6V3lJMGM3NHI2dTI2anJZR2FraDFPb1NWc2hRclI2TDdhYUNLUDhOU0h0Q0RNRDhLL1hTZ2R3eEtwR0gzQlE9PQ%3D%3D,,"가로 15.3cm, 세로 11.3cm",종이-기타,광복이후,,,,,,," 1967년 10월 25일 제주서장 송별기념식 사진촬영모습이다.
 여성간부로 김중규 선생님이 있다.
 따님이신 박희신 용담어린이집 원장님이 기증하셨다.",미디어-기록물-사진기록-사진,국적:한국||출토지:제주도-제주시,http://www.emuseum.go.kr/detail?relicId=PS0100316300100104600000
38,39,MPKB22,제주여성역사,이뮤지엄 DB,김중규 선생님,,www.emuseum.go.kr/openapi/img?serviceKey=LIC%2FJdPDwvadUZeU7wDVUozjUnrAVeia%2BJU5rbG5%2BbbgoI1%2F5Xqa40JWjIl52%2BJjdaMnuvk4SobZO7lKN6x9b8h1n9%2FTwcOBbeqprmpqlpszDkwFTCUTL5POhwJlKnQuax8h2RlR0g4%3D&imageId=QzlUYVFVNGpSa3FTcVM0UjY2bUU2dnovaU5hMFBMQUZ5YWJuaGpYY1V6MVB1RW1jdGtwT2VUdmNkOUJxS0ZReGIyRFB0cExxYXZtemV6V29oRU5BY0E9PQ%3D%3D,,"가로 7.5cm, 세로 8.4cm",종이-기타,광복이후,,,,,,," 김중규 선생님 사진이다.
 따님이신 박희순 용담어린이집 원장님이 기증하셨다.
 정확한 연대 미상.",미디어-기록물-사진기록-사진,국적:한국||출토지:제주도-제주시,http://www.emuseum.go.kr/detail?relicId=PS0100316300100104700000
39,40,MPKB22,제주여성역사,이뮤지엄 DB,접시,,www.emuseum.go.kr/openapi/img?serviceKey=48PzbQdICVHx5lfbbx25agS9knBMwHIG79Ve%2BaVEv1xdZf6C0suXsi0zvjILNJzAFLGb6X989Kpj2hPsbCn34XxdL0JGON1KuWgdWZAPRO0wOIrhp9ALTvbhymTKpzriqQPXukvAwAw%3D&imageId=YmE0c2Vxc2xWTlV1ZGpndmxSS201UVpucmtpcFQ5OFA5TDRrMS9JT2Q4L0ZZcDdHK3lnQXVxTHh1U1JieGZJQVFjUXljZytMVDNXc2h0d05NUWNORWc9PQ%3D%3D,,"지름 13cm, 높이 4cm",도자기-백자,광복이후,,,,,,, 일반적인 접시 형태의 유물이다. 전체적으로 양호하나 금이 있다.,식생활-음식기-기타,국적:한국||출토지:제주도-제주시,http://www.emuseum.go.kr/detail?relicId=PS0100316300100104800000
40,41,MPKB22,제주여성역사,이뮤지엄 DB,잔,,www.emuseum.go.kr/openapi/img?serviceKey=KDinRqedcXxd3FrCWjxDDcgwnBuHag4AM4XDFx8A08eJuw%2BleTuzakAOyXAnRhf8aaKOH0LsgL2xpHJncEuNsrDG1WPx8eev0mH35BlHKqCGJ4XSnz%2FMKYOx6M2HVT01VUp9jAiN5sE%3D&imageId=bW9tUGNUTVUzVnpSTk9qdUFJbFUraXZIZ3NhY2J5NXFPM0xUZENMK1JXMDVOUlZrVm1pL2xXRDN3QmY4NVFTbXcyRFl3QUtVc09xWm9wb1U3YTFHeUE9PQ%3D%3D,,"최대지름 8.7cm, 구멍지름 8cm, 높이 3.7cm",도자기-백자,광복이후,,,,,,,일반적인 잔의 형태를 보이고 있다. 전체적으로 양호하다.,식생활-음식기-기타,국적:한국||출토지:제주도-제주시,http://www.emuseum.go.kr/detail?relicId=PS0100316300100104900000
41,42,MPKB22,제주여성역사,이뮤지엄 DB,밥사발,,www.emuseum.go.kr/openapi/img?serviceKey=ge4Tam1xMlNvKUTCruJb3P9g8hA5VXo9RgLLt8bsP22dcIILRVqyVWsJOYwsKhz4lFUdzKnwLO1eB6%2BwM04MvdOpO%2B7VoYOOytjZj%2BgpfrAzy8YQKQKrDPC27waZDiSfDnJk2bteJ3A%3D&imageId=SVZOYmR0Ti9JZmJrS3hyWHRsTG1sUlNySlk2RjVHTUJhenRzV0syZHJVajdYOHRXMXlkMWVML3ZZSmdVOGxpVXFCK2RtbXZUYThGUGJSSlJEdXlteHc9PQ%3D%3D,,"지름 14cm, 높이 3.8cm",도자기-백자,광복이후,,,,,,,“壽”자란 명문이 새겨진 일반적인 밥사발 형태를 보이고 있다. 전체적으로 양호한 편이나 금이 나있다.,식생활-음식기-기타,국적:한국||출토지:제주도-제주시,http://www.emuseum.go.kr/detail?relicId=PS0100316300100105000000
42,43,MPKB22,제주여성역사,이뮤지엄 DB,재떨이,,www.emuseum.go.kr/openapi/img?serviceKey=i%2B%2FLqJkLzGr9JE4yMHOCKvVyo13H5IKrobjWUlQIHsHcIJNiTCEeyOO9AXRf%2FYvI5s3QerOchFxH28DOm%2BwMoLI1Xi0wPBZ3ouyWyzAN9MuYZAO06Vih%2FImL03zuxL9odYQq%2BE3hdyI%3D&imageId=ZTJIZFE1VHI1YmdDN0JoeHJXcjMrSFhnWEE0VXNURkwyYWIyc0gvTjFpbzRIUkZVazhDQWhDRlI3YWl6ZjlJczFvNUphNTRIeklsQmhoTWRNbzB5OHc9PQ%3D%3D,,"지름 22cm, 높이 3.5cm",나무-기타,광복이후,,,,,,, 겉은 10각의 내부는 원으로 파여진 나무 재떨이다. 안족으로 사용한 흔적이 있는 생활 기스가 있으나 전체적으로 양호한 편이다.,식생활-기타,국적:한국||출토지:제주도-제주시,http://www.emuseum.go.kr/detail?relicId=PS0100316300100105200000
43,44,MPKB22,제주여성역사,이뮤지엄 DB,백자단지,,www.emuseum.go.kr/openapi/img?serviceKey=twMUpdZXKM%2FFMgQL5o5lhOpDsUEGYHwCdCHDG5jzKLedo2ivaCWyYrEQk3m2QbLWItQj0B1ER0H5u53iAWjRQBDwaNyVBXEwshITpTuteFAH4HbyPRHZfYNzx5hUilmSUmn3y3xfJ5U%3D&imageId=R2NRbEhjWmNqMzRsL0ZmOVFTdXdqTi9xMWMxUjE5UFdIZkNlc1JtbUx3NzJlY3FuSVNvTUhWZHpvRkVORHZUSWthYjBxNk14Yi9TMW05c0MyRXp4MEE9PQ%3D%3D,,"최대지름 22.5cm, 구멍지름 15cm, 높이 19cm",도자기-백자,광복이후,,,,,,, 일반적인 자기 모습을 하고 있다. 전반적으로 양호하나 일부 입구부분이 깨져있다.,식생활-음식기-기타,국적:한국||출토지:제주도-제주시,http://www.emuseum.go.kr/detail?relicId=PS0100316300100105300000
44,45,MPKB22,제주여성역사,이뮤지엄 DB,바가지,,www.emuseum.go.kr/openapi/img?serviceKey=%2BdTtItHjKUvcWpU1WJzKkDHSu0e%2BgRSpqqGISSXUwO4JMvrk3fHxEv3osV%2FZM9hJBO3YZ%2BW6S6WZRYsz1UOuTQ9SdwcLYtPAky%2BAh57wDgV84Z7J8K6UpBQDvl3%2FEr6apPqP6%2BG0PC0%3D&imageId=ZHA0dEpwT09KKzFQRG55bkhxNkRvYnViY1BPN29KOFJPNXhxcnc3L08wWVVxWGVLT0ZMb1pUVUZ1eFpCWTgyQ2p4YTNjS1lzZjBPMDB4YUxPcVpod1E9PQ%3D%3D,,"길이 19.8cm, 너비 17.7cm, 높이 6.5cm",나무-기타,광복이후,,,,,,, 일반적인 바가지 형태를 띈다. 전체적으로 상태는 야호하나 부분 결실이 있다.,식생활-기타,국적:한국||출토지:제주도-제주시,http://www.emuseum.go.kr/detail?relicId=PS0100316300100105400000
45,46,MPKB22,제주여성역사,이뮤지엄 DB,좀박,,www.emuseum.go.kr/openapi/img?serviceKey=quQsg3pymZRv%2FdP4Q%2FSybjOgSDSmJ%2FDmy%2BbdlV4bU4dIVTMhFPHo4lFw1fnnb9IDuypvRismJ6YpITRcn6GAvKR5YaF2BJ6FQV5xYGMQpeegDh5xNRHfSTchaLawtXq7IEG52G58AqE%3D&imageId=U2cxRTNKeXhEbkh4Ny80NFh2TXI5eTRBT0hETm8wM0thbjAxOHNSVmRjNTI5Q21Cdy9vSHFOZnVOSldTMUpRaWI5NjNsR3QxbzZRc0IzWHMwWWZZVlE9PQ%3D%3D,,"길이 29.5cm, 너비 18.5cm, 높이 7cm",나무-기타,광복이후,,,,,,, 일반적인 좀박의 형태를 보여준다. 상태는 야호한 편이다.,식생활-기타,국적:한국||출토지:제주도-제주시,http://www.emuseum.go.kr/detail?relicId=PS0100316300100105500000
46,47,MPKB22,제주여성역사,이뮤지엄 DB,수저,,www.emuseum.go.kr/openapi/img?serviceKey=o%2FCVd1D16P072K9kmw37nJClMbTSEvs%2B6%2F8K7y1L3mZ9%2FgpK8i44nIC%2BsOSWbaXIRnu6K%2Bj17i1Yurrg9rcitUNKSZ2fRVt%2BiViJsbmId7AwXeX7tr%2FOrudFleGgtoaIjS6MfT%2BhMJY%3D&imageId=ZmNRbUhqaUZXd3pjU3E2QjdHbTJXSTNhM09YSHpiZ0laUldmdTdIQWpVbU04L2FVSlBOb1Zhazlxc2lFdTFsNm9EbHdZSStqbTJ5M0ZiVnRqNWl3K0E9PQ%3D%3D,,"길이 19.7cm, 너비 4.9cm",금속-기타,광복이후,,,,,,, 일반적인 놋수저의 형태를 보여준다. 상태는 양호한 편이다.,식생활-음식기-기타,국적:한국||출토지:제주도-제주시,http://www.emuseum.go.kr/detail?relicId=PS0100316300100105600000
47,48,MPKB22,제주여성역사,이뮤지엄 DB,차롱,,www.emuseum.go.kr/openapi/img?serviceKey=GCqvXkyYu2Xn5qWGPuuhKBDPpW3VFzOKhxpasLqLYU9u2VgrDvwjCjwz0RXz8Zh0gRDenF%2FXrA4YMA1T70%2BuD77C5LGZzTWi2g%2FLX0VKKh7FyIhD1ww4Nrfvr91tEEQ9DB9FAM6pWTY%3D&imageId=R1UwY1d1ayt3dWhISkJPTjRPc3FUMWc4c0o0UGpxVnlVazZKeVNrekZBZWZENGRBUmVKR1h5eE0rYzdhQWJjQWtzbDAwUnB5YXhJSExLRFE1U2VpYUE9PQ%3D%3D,,"가로 46cm, 세로 38.5cm, 높이 9cm",나무-대나무,광복이후,,,,,,, 제주도의 일반적인 바구니의 형태를 보여준다. 상태는 양호한 편이다. 유물1063번의 뚜껑으로 보인다.,식생활-음식기-저장운반,국적:한국||출토지:제주도-제주시,http://www.emuseum.go.kr/detail?relicId=PS0100316300100106400000
48,49,MPKB22,제주민속자연사,이뮤지엄 DB,백자광구소병,,,,"높이 24cm, 입지름 5.6cm, 바닥지름 8.7cm",도자기-백자,조선,,,,,,,"동체가 길고 가늘고 짧은 목에 부리가 벌어진 병
물, 술 등의 보관",식생활-음식기-음식-병,국적:한국||출토지:제주도-제주시,http://www.emuseum.go.kr/detail?relicId=PS0100319100100006400000
49,50,MPKB22,제주민속자연사,이뮤지엄 DB,떡살    ,,,,길이 42.0cm,도자기-백자,조선,,,,,,,"길쑴한 네모 막대기의 한면에 빗살 무늬가 있음, 떡의 본",식생활-가공-일반가공-떡살,국적:한국||출토지:제주도-제주시,http://www.emuseum.go.kr/detail?relicId=PS0100319100100046500000
