기관명,발전소명,호기,배출년월,황산화물 허용기준,황산화물(SOx),먼지 허용기준,먼지(TSP),질소산화물 허용기준,질소산화물(NOx)
한국동서발전㈜,당진발전본부,1,2020-09,54.0,30.628197,12.0,4.050751,65.0,21.808299
한국동서발전㈜,당진발전본부,2,2020-09,54.0,30.280092,12.0,3.709459,65.0,17.221423
한국동서발전㈜,당진발전본부,3,2020-09,54.0,13.571697,12.0,2.005233,65.0,11.423545
한국동서발전㈜,당진발전본부,4,2020-09,54.0,39.7932,12.0,4.119603,65.0,17.769036
한국동서발전㈜,당진발전본부,5,2020-09,54.0,29.758017,12.0,4.202837,65.0,20.847912
한국동서발전㈜,당진발전본부,6,2020-09,54.0,30.040444,12.0,3.15922,65.0,17.332133
한국동서발전㈜,당진발전본부,7,2020-09,54.0,28.017774,12.0,3.686884,65.0,18.201749
한국동서발전㈜,당진발전본부,8,2020-09,54.0,24.070169,12.0,2.958047,65.0,14.996491
한국동서발전㈜,당진발전본부,9,2020-09,45.0,90.663914,10.0,1.762782,46.0,37.038883
한국동서발전㈜,당진발전본부,10,2020-09,45.0,90.98309,10.0,2.402199,46.0,39.881629
한국동서발전㈜,울산발전본부,4,2020-09,64.0,1.759935,12.0,0.036355,85.0,47.166305
한국동서발전㈜,울산발전본부,5,2020-09,64.0,3.006846,12.0,0.207713,85.0,46.212744
한국동서발전㈜,울산발전본부,6,2020-09,64.0,0.434822,12.0,0.319741,85.0,56.991001
한국동서발전㈜,울산발전본부,7,2020-09,,0.0,,0.0,34.0,10.342073
한국동서발전㈜,울산발전본부,8,2020-09,,0.0,,0.0,34.0,7.626955
한국동서발전㈜,울산발전본부,9,2020-09,,0.0,,0.0,34.0,19.261002
한국동서발전㈜,울산발전본부,10,2020-09,,0.0,,0.0,34.0,21.104049
한국동서발전㈜,울산발전본부,11,2020-09,,0.0,,0.0,34.0,22.316151
한국동서발전㈜,울산발전본부,12,2020-09,,0.0,,0.0,34.0,23.860451
한국동서발전㈜,울산발전본부,13,2020-09,,0.0,,0.0,21.0,3.106128
한국동서발전㈜,울산발전본부,14,2020-09,,0.0,,0.0,21.0,2.575458
한국동서발전㈜,동해바이오발전본부,1,2020-09,120.0,2.526733,12.0,0.079097,80.0,0.848769
한국동서발전㈜,동해바이오발전본부,2,2020-09,120.0,10.928499,12.0,0.169151,80.0,3.795683
한국동서발전㈜,신호남건설추진본부,1,2020-09,60.0,48.039097,12.0,1.337068,119.0,99.476348
한국동서발전㈜,신호남건설추진본부,2,2020-09,60.0,47.034827,12.0,1.614207,119.0,107.97703
한국동서발전㈜,일산발전본부,1,2020-09,,0.0,,0.0,40.0,0.010452
한국동서발전㈜,일산발전본부,2,2020-09,,0.0,,0.0,40.0,0.208609
한국동서발전㈜,일산발전본부,3,2020-09,,0.0,,0.0,40.0,0.225494
한국동서발전㈜,일산발전본부,4,2020-09,,0.0,,0.0,40.0,0.005952
한국동서발전㈜,일산발전본부,5,2020-09,,0.0,,0.0,40.0,4.12196
한국동서발전㈜,일산발전본부,6,2020-09,,0.0,,0.0,40.0,3.863505
한국동서발전㈜,당진발전본부,1,2020-10,54.0,33.857757,12.0,4.174634,65.0,22.248669
한국동서발전㈜,당진발전본부,2,2020-10,54.0,0.021699,12.0,0.012146,65.0,0.399304
한국동서발전㈜,당진발전본부,3,2020-10,54.0,0.024332,12.0,0.029412,65.0,0.560827
한국동서발전㈜,당진발전본부,4,2020-10,54.0,39.434972,12.0,4.485031,65.0,18.373908
한국동서발전㈜,당진발전본부,5,2020-10,54.0,31.740788,12.0,4.019238,65.0,20.510016
한국동서발전㈜,당진발전본부,6,2020-10,54.0,40.883561,12.0,4.779895,65.0,23.274111
한국동서발전㈜,당진발전본부,7,2020-10,54.0,0.0,12.0,0.0,65.0,0.0
한국동서발전㈜,당진발전본부,8,2020-10,54.0,31.735928,12.0,3.953871,65.0,20.528908
한국동서발전㈜,당진발전본부,9,2020-10,45.0,84.548866,10.0,2.00586,46.0,38.992199
한국동서발전㈜,당진발전본부,10,2020-10,45.0,69.541132,10.0,2.273994,46.0,36.28303
한국동서발전㈜,울산발전본부,4,2020-10,64.0,0.233615,12.0,0.009952,85.0,12.770753
한국동서발전㈜,울산발전본부,5,2020-10,64.0,0.10911,12.0,0.012241,85.0,3.4167
한국동서발전㈜,울산발전본부,6,2020-10,64.0,0.211108,12.0,0.090331,85.0,15.429384
한국동서발전㈜,울산발전본부,7,2020-10,,0.0,,0.0,34.0,11.51884
한국동서발전㈜,울산발전본부,8,2020-10,,0.0,,0.0,34.0,8.901485
한국동서발전㈜,울산발전본부,9,2020-10,,0.0,,0.0,34.0,4.847246
한국동서발전㈜,울산발전본부,10,2020-10,,0.0,,0.0,34.0,25.895825
한국동서발전㈜,울산발전본부,11,2020-10,,0.0,,0.0,34.0,18.329847
한국동서발전㈜,울산발전본부,12,2020-10,,0.0,,0.0,34.0,22.891025
한국동서발전㈜,울산발전본부,13,2020-10,,0.0,,0.0,21.0,3.2e-05
한국동서발전㈜,울산발전본부,14,2020-10,,0.0,,0.0,21.0,6e-05
한국동서발전㈜,동해바이오발전본부,1,2020-10,120.0,0.335562,12.0,0.017108,80.0,3.572544
한국동서발전㈜,동해바이오발전본부,2,2020-10,120.0,6.713519,12.0,0.171188,80.0,4.375096
한국동서발전㈜,신호남건설추진본부,1,2020-10,60.0,48.552495,12.0,0.940372,119.0,95.945485
한국동서발전㈜,신호남건설추진본부,2,2020-10,60.0,51.865778,12.0,1.6009,119.0,104.264283
한국동서발전㈜,일산발전본부,1,2020-10,,0.0,,0.0,40.0,0.012047
한국동서발전㈜,일산발전본부,2,2020-10,,0.0,,0.0,40.0,0.006587
한국동서발전㈜,일산발전본부,3,2020-10,,0.0,,0.0,40.0,0.254133
한국동서발전㈜,일산발전본부,4,2020-10,,0.0,,0.0,40.0,0.204687
한국동서발전㈜,일산발전본부,5,2020-10,,0.0,,0.0,40.0,12.949174
한국동서발전㈜,일산발전본부,6,2020-10,,0.0,,0.0,40.0,12.27388
한국동서발전㈜,당진발전본부,1,2020-11,54.0,35.234667,12.0,4.416585,65.0,25.538534
한국동서발전㈜,당진발전본부,2,2020-11,54.0,34.976885,12.0,3.969623,65.0,27.580154
한국동서발전㈜,당진발전본부,3,2020-11,54.0,3.608409,12.0,0.349614,65.0,4.043807
한국동서발전㈜,당진발전본부,4,2020-11,54.0,40.840314,12.0,4.153849,65.0,17.142061
한국동서발전㈜,당진발전본부,5,2020-11,54.0,30.093056,12.0,3.874214,65.0,18.896383
한국동서발전㈜,당진발전본부,6,2020-11,54.0,15.456349,12.0,1.616094,65.0,10.402209
한국동서발전㈜,당진발전본부,7,2020-11,54.0,3.670513,12.0,0.605089,65.0,6.144195
한국동서발전㈜,당진발전본부,8,2020-11,54.0,27.571801,12.0,3.685759,65.0,20.124859
한국동서발전㈜,당진발전본부,9,2020-11,45.0,78.950937,10.0,3.311089,46.0,39.252406
한국동서발전㈜,당진발전본부,10,2020-11,45.0,84.672149,10.0,2.841772,46.0,43.967334
한국동서발전㈜,울산발전본부,4,2020-11,64.0,0.413978,12.0,0.03341,85.0,10.034649
한국동서발전㈜,울산발전본부,5,2020-11,64.0,0.055452,12.0,0.029829,85.0,7.26487
한국동서발전㈜,울산발전본부,6,2020-11,64.0,0.61869,12.0,0.380036,85.0,56.640335
한국동서발전㈜,울산발전본부,7,2020-11,,0.0,,0.0,34.0,14.927522
한국동서발전㈜,울산발전본부,8,2020-11,,0.0,,0.0,34.0,15.169164
한국동서발전㈜,울산발전본부,9,2020-11,,0.0,,0.0,34.0,0.0
한국동서발전㈜,울산발전본부,10,2020-11,,0.0,,0.0,34.0,0.883126
한국동서발전㈜,울산발전본부,11,2020-11,,0.0,,0.0,34.0,16.888385
한국동서발전㈜,울산발전본부,12,2020-11,,0.0,,0.0,34.0,17.43972
한국동서발전㈜,울산발전본부,13,2020-11,,0.0,,0.0,21.0,0.0
한국동서발전㈜,울산발전본부,14,2020-11,,0.0,,0.0,21.0,0.0
한국동서발전㈜,동해바이오발전본부,1,2020-11,120.0,88.183142,12.0,1.092581,80.0,30.978924
한국동서발전㈜,동해바이오발전본부,2,2020-11,120.0,87.834221,12.0,1.055717,80.0,28.926082
한국동서발전㈜,신호남건설추진본부,1,2020-11,60.0,41.046369,12.0,0.587229,119.0,78.288273
한국동서발전㈜,신호남건설추진본부,2,2020-11,60.0,48.796872,12.0,1.391212,119.0,105.665271
한국동서발전㈜,일산발전본부,1,2020-11,,0.0,,0.0,40.0,0.452277
한국동서발전㈜,일산발전본부,2,2020-11,,0.0,,0.0,40.0,0.468173
한국동서발전㈜,일산발전본부,3,2020-11,,0.0,,0.0,40.0,0.207869
한국동서발전㈜,일산발전본부,4,2020-11,,0.0,,0.0,40.0,0.094317
한국동서발전㈜,일산발전본부,5,2020-11,,0.0,,0.0,40.0,11.790141
한국동서발전㈜,일산발전본부,6,2020-11,,0.0,,0.0,40.0,11.700429
한국동서발전㈜,당진발전본부,1,2020-12,54.0,29.693404,12.0,4.510319,65.0,20.680063
한국동서발전㈜,당진발전본부,2,2020-12,54.0,39.486888,12.0,4.051317,65.0,25.199202
한국동서발전㈜,당진발전본부,3,2020-12,54.0,0.0,12.0,0.0,65.0,0.0
한국동서발전㈜,당진발전본부,4,2020-12,54.0,47.792805,12.0,3.571967,65.0,18.86409
한국동서발전㈜,당진발전본부,5,2020-12,54.0,34.724877,12.0,3.561014,65.0,21.461106
한국동서발전㈜,당진발전본부,6,2020-12,54.0,40.727312,12.0,3.562583,65.0,21.981811
한국동서발전㈜,당진발전본부,7,2020-12,54.0,24.960893,12.0,3.211622,65.0,16.529874
한국동서발전㈜,당진발전본부,8,2020-12,54.0,29.044942,12.0,3.799676,65.0,18.982024
한국동서발전㈜,당진발전본부,9,2020-12,45.0,79.258264,10.0,3.024997,46.0,40.472205
한국동서발전㈜,당진발전본부,10,2020-12,45.0,84.713328,10.0,2.635248,46.0,42.50472
한국동서발전㈜,울산발전본부,4,2020-12,64.0,1.383153,12.0,0.03673,85.0,35.188198
한국동서발전㈜,울산발전본부,5,2020-12,64.0,0.21709,12.0,0.227136,85.0,30.031934
한국동서발전㈜,울산발전본부,6,2020-12,64.0,0.437744,12.0,0.350816,85.0,45.003869
한국동서발전㈜,울산발전본부,7,2020-12,,0.0,,0.0,34.0,7.990337
한국동서발전㈜,울산발전본부,8,2020-12,,0.0,,0.0,34.0,7.299515
한국동서발전㈜,울산발전본부,9,2020-12,,0.0,,0.0,34.0,3.54797
한국동서발전㈜,울산발전본부,10,2020-12,,0.0,,0.0,34.0,3.724582
한국동서발전㈜,울산발전본부,11,2020-12,,0.0,,0.0,34.0,18.150013
한국동서발전㈜,울산발전본부,12,2020-12,,0.0,,0.0,34.0,17.511247
한국동서발전㈜,울산발전본부,13,2020-12,,0.0,,0.0,21.0,10.370271
한국동서발전㈜,울산발전본부,14,2020-12,,0.0,,0.0,21.0,9.29572
한국동서발전㈜,동해바이오발전본부,1,2020-12,120.0,76.019594,12.0,0.841909,80.0,23.094769
한국동서발전㈜,동해바이오발전본부,2,2020-12,120.0,77.093173,12.0,0.871093,80.0,25.000487
한국동서발전㈜,신호남건설추진본부,1,2020-12,60.0,37.745193,12.0,0.824594,119.0,88.245217
한국동서발전㈜,신호남건설추진본부,2,2020-12,60.0,48.63528,12.0,1.523712,119.0,111.156576
한국동서발전㈜,일산발전본부,1,2020-12,,0.0,,0.0,40.0,11.14976
한국동서발전㈜,일산발전본부,2,2020-12,,0.0,,0.0,40.0,21.370013
한국동서발전㈜,일산발전본부,3,2020-12,,0.0,,0.0,40.0,15.122627
한국동서발전㈜,일산발전본부,4,2020-12,,0.0,,0.0,40.0,22.830238
한국동서발전㈜,일산발전본부,5,2020-12,,0.0,,0.0,40.0,0.997558
한국동서발전㈜,일산발전본부,6,2020-12,,0.0,,0.0,40.0,0.804852
한국동서발전㈜,당진발전본부,1,2021-01,48.0,41.282754,11.0,4.889368,56.0,28.048201
한국동서발전㈜,당진발전본부,2,2021-01,48.0,48.118564,11.0,4.288436,56.0,27.400014
한국동서발전㈜,당진발전본부,3,2021-01,48.0,0.0,11.0,0.0,56.0,0.0
한국동서발전㈜,당진발전본부,4,2021-01,48.0,47.689895,11.0,2.989323,56.0,18.061031
한국동서발전㈜,당진발전본부,5,2021-01,48.0,22.033947,11.0,2.284898,56.0,14.144438
한국동서발전㈜,당진발전본부,6,2021-01,48.0,42.345819,11.0,4.16241,56.0,22.208821
한국동서발전㈜,당진발전본부,7,2021-01,48.0,15.602387,11.0,2.052653,56.0,9.689271
한국동서발전㈜,당진발전본부,8,2021-01,48.0,29.926629,11.0,3.438646,56.0,17.424244
한국동서발전㈜,당진발전본부,9,2021-01,40.0,52.03888,9.0,1.44453,40.0,23.539395
한국동서발전㈜,당진발전본부,10,2021-01,40.0,84.713328,9.0,2.635248,40.0,42.50472
한국동서발전㈜,울산발전본부,4,2021-01,64.0,1.031526,12.0,0.016759,85.0,25.379451
한국동서발전㈜,울산발전본부,5,2021-01,64.0,0.268465,12.0,0.100748,85.0,20.298697
한국동서발전㈜,울산발전본부,6,2021-01,64.0,0.230096,12.0,0.228064,85.0,30.434436
한국동서발전㈜,울산발전본부,7,2021-01,,0.0,,0.0,34.0,3.526492
한국동서발전㈜,울산발전본부,8,2021-01,,0.0,,0.0,34.0,3.125437
한국동서발전㈜,울산발전본부,9,2021-01,,0.0,,0.0,34.0,8.75442
한국동서발전㈜,울산발전본부,10,2021-01,,0.0,,0.0,34.0,8.349384
한국동서발전㈜,울산발전본부,11,2021-01,,0.0,,0.0,34.0,11.799192
한국동서발전㈜,울산발전본부,12,2021-01,,0.0,,0.0,34.0,12.789428
한국동서발전㈜,울산발전본부,13,2021-01,,0.0,,0.0,21.0,16.092722
한국동서발전㈜,울산발전본부,14,2021-01,,0.0,,0.0,21.0,17.51569
한국동서발전㈜,동해바이오발전본부,1,2021-01,120.0,75.711452,12.0,0.91876,80.0,22.655323
한국동서발전㈜,동해바이오발전본부,2,2021-01,120.0,76.312497,12.0,1.063983,80.0,24.393382
한국동서발전㈜,신호남건설추진본부,1,2021-01,60.0,45.134089,12.0,0.796107,119.0,95.977505
한국동서발전㈜,신호남건설추진본부,2,2021-01,60.0,42.588555,12.0,1.334272,119.0,97.336706
한국동서발전㈜,일산발전본부,1,2021-01,,0.0,,0.0,40.0,13.025888
한국동서발전㈜,일산발전본부,2,2021-01,,0.0,,0.0,40.0,23.532925
한국동서발전㈜,일산발전본부,3,2021-01,,0.0,,0.0,40.0,22.237244
한국동서발전㈜,일산발전본부,4,2021-01,,0.0,,0.0,40.0,21.31427
한국동서발전㈜,일산발전본부,5,2021-01,,0.0,,0.0,40.0,3.268857
한국동서발전㈜,일산발전본부,6,2021-01,,0.0,,0.0,40.0,2.306616
한국동서발전㈜,당진발전본부,1,2021-02,48.0,30.448198,11.0,4.412846,56.0,22.180254
한국동서발전㈜,당진발전본부,2,2021-02,48.0,15.614193,11.0,1.812614,56.0,10.378512
한국동서발전㈜,당진발전본부,3,2021-02,48.0,0.936418,11.0,0.408095,56.0,1.565545
한국동서발전㈜,당진발전본부,4,2021-02,48.0,36.448819,11.0,2.718331,56.0,18.613795
한국동서발전㈜,당진발전본부,5,2021-02,48.0,29.305191,11.0,3.387023,56.0,19.507277
한국동서발전㈜,당진발전본부,6,2021-02,48.0,28.759306,11.0,3.232993,56.0,17.984472
한국동서발전㈜,당진발전본부,7,2021-02,48.0,18.808308,11.0,3.021222,56.0,12.415979
한국동서발전㈜,당진발전본부,8,2021-02,48.0,21.543514,11.0,2.541412,56.0,13.236562
한국동서발전㈜,당진발전본부,9,2021-02,40.0,72.621856,9.0,2.015886,40.0,32.849949
한국동서발전㈜,당진발전본부,10,2021-02,40.0,71.421251,9.0,2.245923,40.0,35.267772
한국동서발전㈜,울산발전본부,4,2021-02,64.0,0.515159,12.0,0.009723,85.0,8.94368
한국동서발전㈜,울산발전본부,5,2021-02,64.0,0.0,12.0,0.054778,85.0,7.378442
한국동서발전㈜,울산발전본부,6,2021-02,64.0,0.321578,12.0,0.081816,85.0,13.116133
한국동서발전㈜,울산발전본부,7,2021-02,,0.0,,0.0,34.0,2.180889
한국동서발전㈜,울산발전본부,8,2021-02,,0.0,,0.0,34.0,1.797063
한국동서발전㈜,울산발전본부,9,2021-02,,0.0,,0.0,34.0,8.917319
한국동서발전㈜,울산발전본부,10,2021-02,,0.0,,0.0,34.0,7.524256
한국동서발전㈜,울산발전본부,11,2021-02,,0.0,,0.0,34.0,11.327615
한국동서발전㈜,울산발전본부,12,2021-02,,0.0,,0.0,34.0,9.893138
한국동서발전㈜,울산발전본부,13,2021-02,,0.0,,0.0,21.0,16.177913
한국동서발전㈜,울산발전본부,14,2021-02,,0.0,,0.0,21.0,14.80477
한국동서발전㈜,동해바이오발전본부,1,2021-02,120.0,25.151554,12.0,0.394362,80.0,7.766626
한국동서발전㈜,동해바이오발전본부,2,2021-02,120.0,61.784571,12.0,0.859478,80.0,20.240314
한국동서발전㈜,신호남건설추진본부,1,2021-02,60.0,37.965682,12.0,0.682838,119.0,88.08815
한국동서발전㈜,신호남건설추진본부,2,2021-02,60.0,1.897721,12.0,0.515968,119.0,1.440445
한국동서발전㈜,일산발전본부,1,2021-02,,0.0,,0.0,40.0,12.149047
한국동서발전㈜,일산발전본부,2,2021-02,,0.0,,0.0,40.0,14.139385
한국동서발전㈜,일산발전본부,3,2021-02,,0.0,,0.0,40.0,3.682625
한국동서발전㈜,일산발전본부,4,2021-02,,0.0,,0.0,40.0,12.332621
한국동서발전㈜,일산발전본부,5,2021-02,,0.0,,0.0,40.0,0.177439
한국동서발전㈜,일산발전본부,6,2021-02,,0.0,,0.0,40.0,0.161037
한국동서발전㈜,당진발전본부,1,2021-03,48.0,33.3101,11.0,4.63858,56.0,20.692648
한국동서발전㈜,당진발전본부,2,2021-03,48.0,0.0,11.0,0.0,56.0,0.0
한국동서발전㈜,당진발전본부,3,2021-03,48.0,30.414638,11.0,4.193649,56.0,20.68706
한국동서발전㈜,당진발전본부,4,2021-03,48.0,38.611061,11.0,3.844811,56.0,18.025592
한국동서발전㈜,당진발전본부,5,2021-03,48.0,0.000274,11.0,0.037449,56.0,0.001103
한국동서발전㈜,당진발전본부,6,2021-03,48.0,36.91709,11.0,3.960636,56.0,17.595241
한국동서발전㈜,당진발전본부,7,2021-03,48.0,26.785842,11.0,3.012711,56.0,14.785296
한국동서발전㈜,당진발전본부,8,2021-03,48.0,33.215366,11.0,3.931126,56.0,17.137977
한국동서발전㈜,당진발전본부,9,2021-03,40.0,83.320352,9.0,2.312862,40.0,37.689333
한국동서발전㈜,당진발전본부,10,2021-03,40.0,25.975462,9.0,0.973781,40.0,13.001127
한국동서발전㈜,울산발전본부,4,2021-03,64.0,0.012649,12.0,0.000904,85.0,0.144737
한국동서발전㈜,울산발전본부,5,2021-03,64.0,0.0,12.0,0.001351,85.0,0.09401
한국동서발전㈜,울산발전본부,6,2021-03,64.0,0.021183,12.0,0.003835,85.0,0.636255
한국동서발전㈜,울산발전본부,7,2021-03,,0.0,,0.0,34.0,0.104831
한국동서발전㈜,울산발전본부,8,2021-03,,0.0,,0.0,34.0,0.0
한국동서발전㈜,울산발전본부,9,2021-03,,0.0,,0.0,34.0,1.829396
한국동서발전㈜,울산발전본부,10,2021-03,,0.0,,0.0,34.0,1.924668
한국동서발전㈜,울산발전본부,11,2021-03,,0.0,,0.0,34.0,2.017078
한국동서발전㈜,울산발전본부,12,2021-03,,0.0,,0.0,34.0,1.637062
한국동서발전㈜,울산발전본부,13,2021-03,,0.0,,0.0,21.0,20.280712
한국동서발전㈜,울산발전본부,14,2021-03,,0.0,,0.0,21.0,17.87784
한국동서발전㈜,동해바이오발전본부,1,2021-03,120.0,33.959041,12.0,0.696392,80.0,10.848096
한국동서발전㈜,동해바이오발전본부,2,2021-03,120.0,61.883587,12.0,0.985753,80.0,19.478361
한국동서발전㈜,신호남건설추진본부,1,2021-03,60.0,1.679713,12.0,0.236366,119.0,4.201024
한국동서발전㈜,신호남건설추진본부,2,2021-03,60.0,44.572287,12.0,1.514676,119.0,91.977725
한국동서발전㈜,일산발전본부,1,2021-03,,0.0,,0.0,40.0,0.798492
한국동서발전㈜,일산발전본부,2,2021-03,,0.0,,0.0,40.0,0.902968
한국동서발전㈜,일산발전본부,3,2021-03,,0.0,,0.0,40.0,3.762274
한국동서발전㈜,일산발전본부,4,2021-03,,0.0,,0.0,40.0,3.859619
한국동서발전㈜,일산발전본부,5,2021-03,,0.0,,0.0,40.0,3.564143
한국동서발전㈜,일산발전본부,6,2021-03,,0.0,,0.0,40.0,3.800287
한국동서발전㈜,당진발전본부,1,2021-04,48.0,28.938846,11.0,4.156387,56.0,20.231722
한국동서발전㈜,당진발전본부,2,2021-04,48.0,6.676121,11.0,0.947893,56.0,7.613133
한국동서발전㈜,당진발전본부,3,2021-04,48.0,17.507838,11.0,1.985684,56.0,10.876259
한국동서발전㈜,당진발전본부,4,2021-04,48.0,37.59133,11.0,3.887816,56.0,18.697522
한국동서발전㈜,당진발전본부,5,2021-04,48.0,0.756284,11.0,0.204252,56.0,2.348607
한국동서발전㈜,당진발전본부,6,2021-04,48.0,44.331473,11.0,4.279435,56.0,17.168334
한국동서발전㈜,당진발전본부,7,2021-04,48.0,5.492871,11.0,0.673925,56.0,4.264311
한국동서발전㈜,당진발전본부,8,2021-04,48.0,35.196866,11.0,4.410041,56.0,17.595458
한국동서발전㈜,당진발전본부,9,2021-04,40.0,50.178272,9.0,1.392882,40.0,22.697763
한국동서발전㈜,당진발전본부,10,2021-04,40.0,0.0,9.0,0.0,40.0,0.0
한국동서발전㈜,울산발전본부,4,2021-04,64.0,0.520072,12.0,0.009921,85.0,6.238111
한국동서발전㈜,울산발전본부,5,2021-04,64.0,0.013251,12.0,0.011963,85.0,1.5415
한국동서발전㈜,울산발전본부,6,2021-04,64.0,0.025868,12.0,0.020549,85.0,2.822633
한국동서발전㈜,울산발전본부,7,2021-04,,0.0,,0.0,34.0,0.783542
한국동서발전㈜,울산발전본부,8,2021-04,,0.0,,0.0,34.0,0.994796
한국동서발전㈜,울산발전본부,9,2021-04,,0.0,,0.0,34.0,3.455015
한국동서발전㈜,울산발전본부,10,2021-04,,0.0,,0.0,34.0,3.433223
한국동서발전㈜,울산발전본부,11,2021-04,,0.0,,0.0,34.0,2.827166
한국동서발전㈜,울산발전본부,12,2021-04,,0.0,,0.0,34.0,16.400216
한국동서발전㈜,울산발전본부,13,2021-04,,0.0,,0.0,21.0,19.051694
한국동서발전㈜,울산발전본부,14,2021-04,,0.0,,0.0,21.0,16.583593
한국동서발전㈜,동해바이오발전본부,1,2021-04,120.0,55.925892,12.0,0.685864,80.0,16.630754
한국동서발전㈜,동해바이오발전본부,2,2021-04,120.0,27.558803,12.0,0.454013,80.0,9.214212
한국동서발전㈜,신호남건설추진본부,1,2021-04,60.0,43.147938,12.0,0.846577,119.0,72.642023
한국동서발전㈜,신호남건설추진본부,2,2021-04,60.0,45.407511,12.0,0.914165,119.0,80.224567
한국동서발전㈜,일산발전본부,1,2021-04,,0.0,,0.0,40.0,0.405907
한국동서발전㈜,일산발전본부,2,2021-04,,0.0,,0.0,40.0,0.300664
한국동서발전㈜,일산발전본부,3,2021-04,,0.0,,0.0,40.0,0.298816
한국동서발전㈜,일산발전본부,4,2021-04,,0.0,,0.0,40.0,0.530838
한국동서발전㈜,일산발전본부,5,2021-04,,0.0,,0.0,40.0,0.402862
한국동서발전㈜,일산발전본부,6,2021-04,,0.0,,0.0,40.0,0.274142
한국동서발전㈜,당진발전본부,1,2021-05,48.0,0.827528,11.0,0.114994,56.0,1.048745
한국동서발전㈜,당진발전본부,2,2021-05,48.0,41.211554,11.0,3.728421,56.0,21.018972
한국동서발전㈜,당진발전본부,3,2021-05,48.0,29.232395,11.0,1.156208,56.0,16.909315
한국동서발전㈜,당진발전본부,4,2021-05,48.0,40.099272,11.0,3.415823,56.0,15.954754
한국동서발전㈜,당진발전본부,5,2021-05,48.0,33.825051,11.0,5.056148,56.0,21.744482
한국동서발전㈜,당진발전본부,6,2021-05,48.0,48.835114,11.0,3.759872,56.0,18.488602
한국동서발전㈜,당진발전본부,7,2021-05,48.0,31.176623,11.0,3.265381,56.0,16.227086
한국동서발전㈜,당진발전본부,8,2021-05,48.0,35.419345,11.0,4.108642,56.0,18.551966
한국동서발전㈜,당진발전본부,9,2021-05,40.0,86.518272,9.0,2.401632,40.0,39.135888
한국동서발전㈜,당진발전본부,10,2021-05,40.0,0.324894,9.0,0.011292,40.0,0.165264
한국동서발전㈜,울산발전본부,4,2021-05,64.0,0.168732,12.0,0.010906,85.0,7.380778
한국동서발전㈜,울산발전본부,5,2021-05,64.0,0.041279,12.0,0.036961,85.0,4.803631
한국동서발전㈜,울산발전본부,6,2021-05,64.0,0.861569,12.0,0.315231,85.0,41.08855
한국동서발전㈜,울산발전본부,7,2021-05,,0.0,,0.0,34.0,0.0
한국동서발전㈜,울산발전본부,8,2021-05,,0.0,,0.0,34.0,0.0
한국동서발전㈜,울산발전본부,9,2021-05,,0.0,,0.0,34.0,3.09173
한국동서발전㈜,울산발전본부,10,2021-05,,0.0,,0.0,34.0,2.642819
한국동서발전㈜,울산발전본부,11,2021-05,,0.0,,0.0,34.0,5.571043
한국동서발전㈜,울산발전본부,12,2021-05,,0.0,,0.0,34.0,5.689488
한국동서발전㈜,울산발전본부,13,2021-05,,0.0,,0.0,21.0,17.098379
한국동서발전㈜,울산발전본부,14,2021-05,,0.0,,0.0,21.0,14.922796
한국동서발전㈜,동해바이오발전본부,1,2021-05,120.0,78.61652,12.0,1.066564,80.0,23.511826
한국동서발전㈜,동해바이오발전본부,2,2021-05,120.0,82.379327,12.0,1.419248,80.0,23.912252
한국동서발전㈜,신호남건설추진본부,1,2021-05,60.0,29.64523,12.0,0.348795,119.0,73.441501
한국동서발전㈜,신호남건설추진본부,2,2021-05,60.0,39.188473,12.0,0.722391,119.0,78.40907
한국동서발전㈜,일산발전본부,1,2021-05,,0.0,,0.0,40.0,1.474308
한국동서발전㈜,일산발전본부,2,2021-05,,0.0,,0.0,40.0,1.767941
한국동서발전㈜,일산발전본부,3,2021-05,,0.0,,0.0,40.0,2.380614
한국동서발전㈜,일산발전본부,4,2021-05,,0.0,,0.0,40.0,1.725615
한국동서발전㈜,일산발전본부,5,2021-05,,0.0,,0.0,40.0,5.79301
한국동서발전㈜,일산발전본부,6,2021-05,,0.0,,0.0,40.0,5.910711
한국동서발전㈜,당진발전본부,1,2021-06,48.0,26.233455,11.0,3.891942,56.0,13.63664
한국동서발전㈜,당진발전본부,2,2021-06,48.0,22.276568,11.0,2.869572,56.0,14.896343
한국동서발전㈜,당진발전본부,3,2021-06,48.0,33.721353,11.0,3.512679,56.0,18.189509
한국동서발전㈜,당진발전본부,4,2021-06,48.0,22.860383,11.0,2.138906,56.0,11.993285
한국동서발전㈜,당진발전본부,5,2021-06,48.0,8.225496,11.0,1.805846,56.0,9.044832
한국동서발전㈜,당진발전본부,6,2021-06,48.0,33.936309,11.0,3.506656,56.0,16.630383
한국동서발전㈜,당진발전본부,7,2021-06,48.0,17.984859,11.0,2.558716,56.0,12.975308
한국동서발전㈜,당진발전본부,8,2021-06,48.0,20.49011,11.0,2.784306,56.0,12.047183
한국동서발전㈜,당진발전본부,9,2021-06,40.0,80.006144,9.0,2.220864,40.0,36.190176
한국동서발전㈜,당진발전본부,10,2021-06,40.0,67.68625,9.0,2.3525,40.0,34.43
한국동서발전㈜,울산발전본부,4,2021-06,64.0,0.286637,12.0,0.00846,85.0,11.657648
한국동서발전㈜,울산발전본부,5,2021-06,64.0,0.087779,12.0,0.099539,85.0,10.211564
한국동서발전㈜,울산발전본부,6,2021-06,64.0,1.075987,12.0,0.186637,85.0,23.730366
한국동서발전㈜,울산발전본부,7,2021-06,,0.0,,0.0,34.0,2.590022
한국동서발전㈜,울산발전본부,8,2021-06,,0.0,,0.0,34.0,2.466315
한국동서발전㈜,울산발전본부,9,2021-06,,0.0,,0.0,34.0,12.315444
한국동서발전㈜,울산발전본부,10,2021-06,,0.0,,0.0,34.0,13.00057
한국동서발전㈜,울산발전본부,11,2021-06,,0.0,,0.0,34.0,15.136823
한국동서발전㈜,울산발전본부,12,2021-06,,0.0,,0.0,34.0,12.288684
한국동서발전㈜,울산발전본부,13,2021-06,,0.0,,0.0,21.0,14.879789
한국동서발전㈜,울산발전본부,14,2021-06,,0.0,,0.0,21.0,13.48342
한국동서발전㈜,동해바이오발전본부,1,2021-06,120.0,57.578149,12.0,0.766228,80.0,17.345284
한국동서발전㈜,동해바이오발전본부,2,2021-06,120.0,43.580239,12.0,0.681933,80.0,13.593892
한국동서발전㈜,신호남건설추진본부,1,2021-06,60.0,12.860811,12.0,0.260251,119.0,27.659893
한국동서발전㈜,신호남건설추진본부,2,2021-06,60.0,46.261049,12.0,1.13035,119.0,79.292072
한국동서발전㈜,일산발전본부,1,2021-06,,0.0,,0.0,40.0,1.966165
한국동서발전㈜,일산발전본부,2,2021-06,,0.0,,0.0,40.0,2.493991
한국동서발전㈜,일산발전본부,3,2021-06,,0.0,,0.0,40.0,1.78157
한국동서발전㈜,일산발전본부,4,2021-06,,0.0,,0.0,40.0,2.712288
한국동서발전㈜,일산발전본부,5,2021-06,,0.0,,0.0,40.0,0.0
한국동서발전㈜,일산발전본부,6,2021-06,,0.0,,0.0,40.0,0.935264
한국동서발전㈜,당진발전본부,1,2021-07,48.0,39.465053,11.0,4.828201,56.0,22.122677
한국동서발전㈜,당진발전본부,2,2021-07,48.0,43.222708,11.0,4.835108,56.0,22.054912
한국동서발전㈜,당진발전본부,3,2021-07,48.0,26.079809,11.0,8.215834,56.0,16.111145
한국동서발전㈜,당진발전본부,4,2021-07,48.0,43.194749,11.0,3.636829,56.0,16.497581
한국동서발전㈜,당진발전본부,5,2021-07,48.0,28.267358,11.0,5.188238,56.0,21.83129
한국동서발전㈜,당진발전본부,6,2021-07,48.0,39.872006,11.0,3.459002,56.0,18.292542
한국동서발전㈜,당진발전본부,7,2021-07,48.0,23.249783,11.0,2.859478,56.0,12.500244
한국동서발전㈜,당진발전본부,8,2021-07,48.0,32.000286,11.0,4.225988,56.0,16.810472
한국동서발전㈜,당진발전본부,9,2021-07,40.0,86.518272,9.0,2.401632,40.0,39.135888
한국동서발전㈜,당진발전본부,10,2021-07,40.0,80.573712,9.0,2.800416,40.0,40.985472
한국동서발전㈜,울산발전본부,4,2021-07,64.0,2.026133,12.0,0.018636,85.0,21.997584
한국동서발전㈜,울산발전본부,5,2021-07,64.0,0.198624,12.0,0.163501,85.0,23.10852
한국동서발전㈜,울산발전본부,6,2021-07,64.0,1.296241,12.0,0.154633,85.0,25.928576
한국동서발전㈜,울산발전본부,7,2021-07,,0.0,,0.0,34.0,2.893461
한국동서발전㈜,울산발전본부,8,2021-07,,0.0,,0.0,34.0,2.434015
한국동서발전㈜,울산발전본부,9,2021-07,,0.0,,0.0,34.0,7.484874
한국동서발전㈜,울산발전본부,10,2021-07,,0.0,,0.0,34.0,8.303079
한국동서발전㈜,울산발전본부,11,2021-07,,0.0,,0.0,34.0,10.546827
한국동서발전㈜,울산발전본부,12,2021-07,,0.0,,0.0,34.0,9.960907
한국동서발전㈜,울산발전본부,13,2021-07,,0.0,,0.0,21.0,15.448497
한국동서발전㈜,울산발전본부,14,2021-07,,0.0,,0.0,21.0,13.218378
한국동서발전㈜,동해바이오발전본부,1,2021-07,120.0,87.249051,12.0,1.14623,80.0,25.834329
한국동서발전㈜,동해바이오발전본부,2,2021-07,120.0,83.756373,12.0,1.204557,80.0,24.8973
한국동서발전㈜,신호남건설추진본부,1,2021-07,60.0,42.484799,12.0,0.901023,119.0,78.975967
한국동서발전㈜,신호남건설추진본부,2,2021-07,60.0,44.461527,12.0,1.856754,119.0,85.313364
한국동서발전㈜,일산발전본부,1,2021-07,,0.0,,0.0,40.0,2.268831
한국동서발전㈜,일산발전본부,2,2021-07,,0.0,,0.0,40.0,2.483502
한국동서발전㈜,일산발전본부,3,2021-07,,0.0,,0.0,40.0,3.58264
한국동서발전㈜,일산발전본부,4,2021-07,,0.0,,0.0,40.0,3.522885
한국동서발전㈜,일산발전본부,5,2021-07,,0.0,,0.0,40.0,4.477848
한국동서발전㈜,일산발전본부,6,2021-07,,0.0,,0.0,40.0,4.180474
한국동서발전㈜,당진발전본부,1,2021-08,48.0,40.155885,11.0,4.553489,56.0,18.405846
한국동서발전㈜,당진발전본부,2,2021-08,48.0,38.418402,11.0,4.22704,56.0,20.824001
한국동서발전㈜,당진발전본부,3,2021-08,48.0,37.443443,11.0,4.218689,56.0,16.150018
한국동서발전㈜,당진발전본부,4,2021-08,48.0,43.757024,11.0,2.871689,56.0,13.645744
한국동서발전㈜,당진발전본부,5,2021-08,48.0,19.191581,11.0,3.219598,56.0,14.693559
한국동서발전㈜,당진발전본부,6,2021-08,48.0,40.790599,11.0,3.075569,56.0,17.36896
한국동서발전㈜,당진발전본부,7,2021-08,48.0,25.087056,11.0,2.871707,56.0,13.678807
한국동서발전㈜,당진발전본부,8,2021-08,48.0,30.411361,11.0,3.719799,56.0,15.154353
한국동서발전㈜,당진발전본부,9,2021-08,40.0,86.518272,9.0,2.401632,40.0,39.135888
한국동서발전㈜,당진발전본부,10,2021-08,40.0,80.573712,9.0,2.800416,40.0,40.985472
한국동서발전㈜,울산발전본부,4,2021-08,64.0,0.504124,12.0,0.004821,85.0,5.470984
한국동서발전㈜,울산발전본부,5,2021-08,64.0,0.008523,12.0,0.012166,85.0,0.993189
한국동서발전㈜,울산발전본부,6,2021-08,64.0,0.473198,12.0,0.05508,85.0,8.874104
한국동서발전㈜,울산발전본부,7,2021-08,,0.0,,0.0,34.0,0.136726
한국동서발전㈜,울산발전본부,8,2021-08,,0.0,,0.0,34.0,0.089993
한국동서발전㈜,울산발전본부,9,2021-08,,0.0,,0.0,34.0,2.588349
한국동서발전㈜,울산발전본부,10,2021-08,,0.0,,0.0,34.0,1.256804
한국동서발전㈜,울산발전본부,11,2021-08,,0.0,,0.0,34.0,1.748094
한국동서발전㈜,울산발전본부,12,2021-08,,0.0,,0.0,34.0,3.229938
한국동서발전㈜,울산발전본부,13,2021-08,,0.0,,0.0,21.0,13.902078
한국동서발전㈜,울산발전본부,14,2021-08,,0.0,,0.0,21.0,13.236534
한국동서발전㈜,동해바이오발전본부,1,2021-08,120.0,86.444569,12.0,1.094605,80.0,24.564077
한국동서발전㈜,동해바이오발전본부,2,2021-08,120.0,83.720636,12.0,1.218033,80.0,24.908754
한국동서발전㈜,신호남건설추진본부,1,2021-08,60.0,47.036688,12.0,0.762579,119.0,79.031371
한국동서발전㈜,신호남건설추진본부,2,2021-08,60.0,46.838732,12.0,1.531148,119.0,83.093328
한국동서발전㈜,일산발전본부,1,2021-08,,0.0,,0.0,40.0,0.93334
한국동서발전㈜,일산발전본부,2,2021-08,,0.0,,0.0,40.0,1.22727
한국동서발전㈜,일산발전본부,3,2021-08,,0.0,,0.0,40.0,1.652056
한국동서발전㈜,일산발전본부,4,2021-08,,0.0,,0.0,40.0,1.709815
한국동서발전㈜,일산발전본부,5,2021-08,,0.0,,0.0,40.0,1.93627
한국동서발전㈜,일산발전본부,6,2021-08,,0.0,,0.0,40.0,1.716367
한국동서발전㈜,당진발전본부,1,2021-09,48.0,38.198365,11.0,3.148712,56.0,15.031728
한국동서발전㈜,당진발전본부,2,2021-09,48.0,11.708951,11.0,1.704058,56.0,6.103392
한국동서발전㈜,당진발전본부,3,2021-09,48.0,31.797681,11.0,4.654765,56.0,14.456136
한국동서발전㈜,당진발전본부,4,2021-09,48.0,0.000515,11.0,0.00313,56.0,0.00031
한국동서발전㈜,당진발전본부,5,2021-09,48.0,29.801466,11.0,4.860188,56.0,21.317011
한국동서발전㈜,당진발전본부,6,2021-09,48.0,38.29585,11.0,2.803607,56.0,15.310197
한국동서발전㈜,당진발전본부,7,2021-09,48.0,23.735957,11.0,2.746213,56.0,13.328211
한국동서발전㈜,당진발전본부,8,2021-09,48.0,31.321358,11.0,3.370707,56.0,15.659333
한국동서발전㈜,당진발전본부,9,2021-09,40.0,83.72736,9.0,2.32416,40.0,37.87344
한국동서발전㈜,당진발전본부,10,2021-09,40.0,67.632101,9.0,2.350618,40.0,34.402456
한국동서발전㈜,울산발전본부,4,2021-09,64.0,0.744067,12.0,0.012555,85.0,18.077541
한국동서발전㈜,울산발전본부,5,2021-09,64.0,0.504471,12.0,0.104715,85.0,11.254109
한국동서발전㈜,울산발전본부,6,2021-09,64.0,1.480611,12.0,0.151956,85.0,19.431371
한국동서발전㈜,울산발전본부,7,2021-09,,0.0,,0.0,34.0,2.44576
한국동서발전㈜,울산발전본부,8,2021-09,,0.0,,0.0,34.0,2.36368
한국동서발전㈜,울산발전본부,9,2021-09,,0.0,,0.0,34.0,10.700989
한국동서발전㈜,울산발전본부,10,2021-09,,0.0,,0.0,34.0,9.645702
한국동서발전㈜,울산발전본부,11,2021-09,,0.0,,0.0,34.0,3.767414
한국동서발전㈜,울산발전본부,12,2021-09,,0.0,,0.0,34.0,3.928143
한국동서발전㈜,울산발전본부,13,2021-09,,0.0,,0.0,21.0,11.997539
한국동서발전㈜,울산발전본부,14,2021-09,,0.0,,0.0,21.0,10.618679
한국동서발전㈜,동해바이오발전본부,1,2021-09,120.0,8.143475,12.0,0.102833,80.0,2.298177
한국동서발전㈜,동해바이오발전본부,2,2021-09,120.0,25.072647,12.0,0.363928,80.0,7.590226
한국동서발전㈜,신호남건설추진본부,1,2021-09,60.0,43.376739,12.0,0.625047,119.0,69.707445
한국동서발전㈜,신호남건설추진본부,2,2021-09,60.0,34.952979,12.0,1.324861,119.0,53.462519
한국동서발전㈜,일산발전본부,1,2021-09,,0.0,,0.0,40.0,0.10294
한국동서발전㈜,일산발전본부,2,2021-09,,0.0,,0.0,40.0,0.092841
한국동서발전㈜,일산발전본부,3,2021-09,,0.0,,0.0,40.0,0.307894
한국동서발전㈜,일산발전본부,4,2021-09,,0.0,,0.0,40.0,0.249805
한국동서발전㈜,일산발전본부,5,2021-09,,0.0,,0.0,40.0,2.295597
한국동서발전㈜,일산발전본부,6,2021-09,,0.0,,0.0,40.0,2.089778
한국동서발전㈜,당진발전본부,1,2021-10,48.0,16.556764,11.0,1.027817,56.0,6.652939
한국동서발전㈜,당진발전본부,2,2021-10,48.0,1.124845,11.0,0.14161,56.0,2.005869
한국동서발전㈜,당진발전본부,3,2021-10,48.0,28.391024,11.0,2.455258,56.0,11.666137
한국동서발전㈜,당진발전본부,4,2021-10,48.0,0.0,11.0,0.0,56.0,0.0
한국동서발전㈜,당진발전본부,5,2021-10,48.0,6.306493,11.0,0.982974,56.0,5.6789
한국동서발전㈜,당진발전본부,6,2021-10,48.0,0.0,11.0,0.0,56.0,0.0
한국동서발전㈜,당진발전본부,7,2021-10,48.0,12.565237,11.0,1.491394,56.0,10.639048
한국동서발전㈜,당진발전본부,8,2021-10,48.0,39.131812,11.0,4.46256,56.0,26.126583
한국동서발전㈜,당진발전본부,9,2021-10,40.0,71.458976,9.0,1.983606,40.0,32.323929
한국동서발전㈜,당진발전본부,10,2021-10,40.0,67.090611,9.0,2.331798,40.0,34.127016
한국동서발전㈜,울산발전본부,4,2021-10,64.0,0.869795,12.0,0.010765,85.0,17.116223
한국동서발전㈜,울산발전본부,5,2021-10,64.0,0.602294,12.0,0.10166,85.0,13.16848
한국동서발전㈜,울산발전본부,6,2021-10,64.0,1.06534,12.0,0.136283,85.0,18.710861
한국동서발전㈜,울산발전본부,7,2021-10,,0.0,,0.0,34.0,6.885459
한국동서발전㈜,울산발전본부,8,2021-10,,0.0,,0.0,34.0,6.52053
한국동서발전㈜,울산발전본부,9,2021-10,,0.0,,0.0,34.0,15.856498
한국동서발전㈜,울산발전본부,10,2021-10,,0.0,,0.0,34.0,17.328871
한국동서발전㈜,울산발전본부,11,2021-10,,0.0,,0.0,34.0,0.0
한국동서발전㈜,울산발전본부,12,2021-10,,0.0,,0.0,34.0,0.0
한국동서발전㈜,울산발전본부,13,2021-10,,0.0,,0.0,21.0,16.947828
한국동서발전㈜,울산발전본부,14,2021-10,,0.0,,0.0,21.0,13.069863
한국동서발전㈜,동해바이오발전본부,1,2021-10,120.0,61.466756,12.0,0.465525,80.0,22.137731
한국동서발전㈜,동해바이오발전본부,2,2021-10,120.0,0.0,12.0,0.0,80.0,0.0
한국동서발전㈜,신호남건설추진본부,1,2021-10,60.0,33.63994,12.0,0.590791,119.0,56.715831
한국동서발전㈜,신호남건설추진본부,2,2021-10,60.0,46.39652,12.0,1.792013,119.0,82.117078
한국동서발전㈜,일산발전본부,1,2021-10,,0.0,,0.0,40.0,1.288908
한국동서발전㈜,일산발전본부,2,2021-10,,0.0,,0.0,40.0,1.13952
한국동서발전㈜,일산발전본부,3,2021-10,,0.0,,0.0,40.0,1.640225
한국동서발전㈜,일산발전본부,4,2021-10,,0.0,,0.0,40.0,1.742076
한국동서발전㈜,일산발전본부,5,2021-10,,0.0,,0.0,40.0,3.247851
한국동서발전㈜,일산발전본부,6,2021-10,,0.0,,0.0,40.0,2.693164
한국동서발전㈜,당진발전본부,1,2021-11,48.0,0.0,11.0,0.0,56.0,0.0
한국동서발전㈜,당진발전본부,2,2021-11,48.0,7.039014,11.0,0.638709,56.0,4.011221
한국동서발전㈜,당진발전본부,3,2021-11,48.0,34.118155,11.0,3.59402,56.0,17.091277
한국동서발전㈜,당진발전본부,4,2021-11,48.0,0.0,11.0,0.0,56.0,0.0
한국동서발전㈜,당진발전본부,5,2021-11,48.0,30.974633,11.0,5.569706,56.0,26.337919
한국동서발전㈜,당진발전본부,6,2021-11,48.0,4.364352,11.0,0.411983,56.0,4.16152
한국동서발전㈜,당진발전본부,7,2021-11,48.0,25.966203,11.0,3.368036,56.0,21.512256
한국동서발전㈜,당진발전본부,8,2021-11,48.0,23.959516,11.0,3.077931,56.0,18.97791
한국동서발전㈜,당진발전본부,9,2021-11,40.0,80.82016,9.0,2.24346,40.0,36.55839
한국동서발전㈜,당진발전본부,10,2021-11,40.0,76.295941,9.0,2.651738,40.0,38.809496
한국동서발전㈜,울산발전본부,4,2021-11,64.0,0.218006,12.0,0.017453,85.0,9.134663
한국동서발전㈜,울산발전본부,5,2021-11,64.0,0.152654,12.0,0.034913,85.0,3.455141
한국동서발전㈜,울산발전본부,6,2021-11,64.0,0.457633,12.0,0.0787,85.0,13.088164
한국동서발전㈜,울산발전본부,7,2021-11,,0.0,,0.0,34.0,5.189403
한국동서발전㈜,울산발전본부,8,2021-11,,0.0,,0.0,34.0,4.28861
한국동서발전㈜,울산발전본부,9,2021-11,,0.0,,0.0,34.0,11.430974
한국동서발전㈜,울산발전본부,10,2021-11,,0.0,,0.0,34.0,12.152456
한국동서발전㈜,울산발전본부,11,2021-11,,0.0,,0.0,34.0,4.516687
한국동서발전㈜,울산발전본부,12,2021-11,,0.0,,0.0,34.0,2.373027
한국동서발전㈜,울산발전본부,13,2021-11,,0.0,,0.0,21.0,16.825172
한국동서발전㈜,울산발전본부,14,2021-11,,0.0,,0.0,21.0,13.87829
한국동서발전㈜,동해바이오발전본부,1,2021-11,120.0,86.683272,12.0,0.835046,80.0,48.045159
한국동서발전㈜,동해바이오발전본부,2,2021-11,120.0,65.668814,12.0,1.392543,80.0,37.746038
한국동서발전㈜,신호남건설추진본부,1,2021-11,60.0,38.76825,12.0,0.898208,119.0,65.950254
한국동서발전㈜,신호남건설추진본부,2,2021-11,60.0,51.479155,12.0,1.640981,119.0,79.353094
한국동서발전㈜,일산발전본부,1,2021-11,,0.0,,0.0,40.0,2.18178
한국동서발전㈜,일산발전본부,2,2021-11,,0.0,,0.0,40.0,1.621463
한국동서발전㈜,일산발전본부,3,2021-11,,0.0,,0.0,40.0,1.767378
한국동서발전㈜,일산발전본부,4,2021-11,,0.0,,0.0,40.0,2.386898
한국동서발전㈜,일산발전본부,5,2021-11,,0.0,,0.0,40.0,11.74365
한국동서발전㈜,일산발전본부,6,2021-11,,0.0,,0.0,40.0,11.29787
한국동서발전㈜,당진발전본부,1,2021-12,48.0,0.0,11.0,0.0,56.0,0.0
한국동서발전㈜,당진발전본부,2,2021-12,48.0,44.950662,11.0,3.64264,56.0,20.40203
한국동서발전㈜,당진발전본부,3,2021-12,48.0,42.573421,11.0,2.938102,56.0,20.696578
한국동서발전㈜,당진발전본부,4,2021-12,48.0,0.0,11.0,0.0,56.0,0.0
한국동서발전㈜,당진발전본부,5,2021-12,48.0,35.68703,11.0,5.776298,56.0,25.581454
한국동서발전㈜,당진발전본부,6,2021-12,48.0,23.766417,11.0,3.100187,56.0,18.551078
한국동서발전㈜,당진발전본부,7,2021-12,48.0,30.297242,11.0,3.850325,56.0,21.442961
한국동서발전㈜,당진발전본부,8,2021-12,48.0,38.745429,11.0,4.547572,56.0,24.249873
한국동서발전㈜,당진발전본부,9,2021-12,40.0,66.569211,9.0,1.853674,40.0,49.863739
한국동서발전㈜,당진발전본부,10,2021-12,40.0,70.035757,9.0,3.244215,40.0,45.786583
한국동서발전㈜,울산발전본부,4,2021-12,64.0,0.030962,12.0,0.012248,85.0,8.401083
한국동서발전㈜,울산발전본부,5,2021-12,64.0,0.003748,12.0,0.074771,85.0,4.384751
한국동서발전㈜,울산발전본부,6,2021-12,64.0,0.332173,12.0,0.076215,85.0,12.338295
한국동서발전㈜,울산발전본부,7,2021-12,,0.0,,0.0,34.0,0.65682
한국동서발전㈜,울산발전본부,8,2021-12,,0.0,,0.0,34.0,0.491922
한국동서발전㈜,울산발전본부,9,2021-12,,0.0,,0.0,34.0,2.484588
한국동서발전㈜,울산발전본부,10,2021-12,,0.0,,0.0,34.0,1.887743
한국동서발전㈜,울산발전본부,11,2021-12,,0.0,,0.0,34.0,7.01333
한국동서발전㈜,울산발전본부,12,2021-12,,0.0,,0.0,34.0,5.673563
한국동서발전㈜,울산발전본부,13,2021-12,,0.0,,0.0,21.0,15.30375
한국동서발전㈜,울산발전본부,14,2021-12,,0.0,,0.0,21.0,12.521211
한국동서발전㈜,동해바이오발전본부,1,2021-12,120.0,0.0,12.0,0.0,80.0,0.0
한국동서발전㈜,동해바이오발전본부,2,2021-12,120.0,0.000303,12.0,0.009305,80.0,0.0017
한국동서발전㈜,신호남건설추진본부,1,2021-12,60.0,13.229862,12.0,0.242791,119.0,20.699435
한국동서발전㈜,신호남건설추진본부,2,2021-12,60.0,0.002831,12.0,0.019109,119.0,0.00094
한국동서발전㈜,일산발전본부,1,2021-12,,0.0,,0.0,40.0,7.385769
한국동서발전㈜,일산발전본부,2,2021-12,,0.0,,0.0,40.0,8.355226
한국동서발전㈜,일산발전본부,3,2021-12,,0.0,,0.0,40.0,3.789943
한국동서발전㈜,일산발전본부,4,2021-12,,0.0,,0.0,40.0,8.424547
한국동서발전㈜,일산발전본부,5,2021-12,,0.0,,0.0,40.0,11.039195
한국동서발전㈜,일산발전본부,6,2021-12,,0.0,,0.0,40.0,10.81398
한국동서발전㈜,당진발전본부,1,2022-01,48.0,0.0,11.0,0.0,56.0,0.0
한국동서발전㈜,당진발전본부,2,2022-01,48.0,39.157326,11.0,3.838788,56.0,18.698077
한국동서발전㈜,당진발전본부,3,2022-01,48.0,35.364333,11.0,2.872399,56.0,19.945676
한국동서발전㈜,당진발전본부,4,2022-01,48.0,0.0,11.0,0.0,56.0,0.0
한국동서발전㈜,당진발전본부,5,2022-01,48.0,26.120813,11.0,4.964757,56.0,23.577401
한국동서발전㈜,당진발전본부,6,2022-01,48.0,16.240302,11.0,3.216786,56.0,17.666901
한국동서발전㈜,당진발전본부,7,2022-01,48.0,22.833604,11.0,3.392453,56.0,20.291649
한국동서발전㈜,당진발전본부,8,2022-01,48.0,29.442315,11.0,4.689135,56.0,25.67013
한국동서발전㈜,당진발전본부,9,2022-01,40.0,71.844429,9.0,2.121784,40.0,47.496821
한국동서발전㈜,당진발전본부,10,2022-01,40.0,74.166712,9.0,4.553192,40.0,47.820667
한국동서발전㈜,울산발전본부,4,2022-01,64.0,0.884601,12.0,0.117209,85.0,29.044043
한국동서발전㈜,울산발전본부,5,2022-01,64.0,0.323864,12.0,0.490272,85.0,26.553231
한국동서발전㈜,울산발전본부,6,2022-01,64.0,2.256682,12.0,0.272315,85.0,35.87275
한국동서발전㈜,울산발전본부,7,2022-01,,0.0,,0.0,34.0,0.368932
한국동서발전㈜,울산발전본부,8,2022-01,,0.0,,0.0,34.0,0.224451
한국동서발전㈜,울산발전본부,9,2022-01,,0.0,,0.0,34.0,3.563431
한국동서발전㈜,울산발전본부,10,2022-01,,0.0,,0.0,34.0,2.932206
한국동서발전㈜,울산발전본부,11,2022-01,,0.0,,0.0,34.0,7.719093
한국동서발전㈜,울산발전본부,12,2022-01,,0.0,,0.0,34.0,5.012731
한국동서발전㈜,울산발전본부,13,2022-01,,0.0,,0.0,21.0,15.143961
한국동서발전㈜,울산발전본부,14,2022-01,,0.0,,0.0,21.0,12.11687
한국동서발전㈜,동해바이오발전본부,1,2022-01,120.0,0.0,12.0,0.0,80.0,0.0
한국동서발전㈜,동해바이오발전본부,2,2022-01,120.0,0.0,12.0,0.0,80.0,0.0
한국동서발전㈜,신호남건설추진본부,1,2022-01,60.0,0.0,12.0,0.0,119.0,0.0
한국동서발전㈜,신호남건설추진본부,2,2022-01,60.0,0.0,12.0,0.0,119.0,0.0
한국동서발전㈜,일산발전본부,1,2022-01,,0.0,,0.0,40.0,0.0
한국동서발전㈜,일산발전본부,2,2022-01,,0.0,,0.0,40.0,0.0
한국동서발전㈜,일산발전본부,3,2022-01,,0.0,,0.0,40.0,0.0
한국동서발전㈜,일산발전본부,4,2022-01,,0.0,,0.0,40.0,0.0
한국동서발전㈜,일산발전본부,5,2022-01,,0.0,,0.0,40.0,0.0
한국동서발전㈜,일산발전본부,6,2022-01,,0.0,,0.0,40.0,0.0
한국동서발전㈜,당진발전본부,1,2022-02,48.0,0.0,11.0,0.0,56.0,0.0
한국동서발전㈜,당진발전본부,2,2022-02,48.0,35.113226,11.0,2.915874,56.0,18.270537
한국동서발전㈜,당진발전본부,3,2022-02,48.0,31.052534,11.0,2.463404,56.0,19.400663
한국동서발전㈜,당진발전본부,4,2022-02,48.0,0.0,11.0,0.0,56.0,0.0
한국동서발전㈜,당진발전본부,5,2022-02,48.0,22.765049,11.0,3.899086,56.0,21.183736
한국동서발전㈜,당진발전본부,6,2022-02,48.0,15.282951,11.0,2.987384,56.0,18.105766
한국동서발전㈜,당진발전본부,7,2022-02,48.0,28.776749,11.0,3.706661,56.0,22.458222
한국동서발전㈜,당진발전본부,8,2022-02,48.0,34.197919,11.0,4.777317,56.0,25.871137
한국동서발전㈜,당진발전본부,9,2022-02,40.0,35.353432,9.0,3.116402,40.0,32.936592
한국동서발전㈜,당진발전본부,10,2022-02,40.0,62.176836,9.0,4.381421,40.0,44.383659
한국동서발전㈜,울산발전본부,4,2022-02,,0.0,,0.0,,0.0
한국동서발전㈜,울산발전본부,5,2022-02,,0.0,,0.0,,0.0
한국동서발전㈜,울산발전본부,6,2022-02,,0.0,,0.0,,0.0
한국동서발전㈜,울산발전본부,7,2022-02,,0.0,,0.0,34.0,1.148128
한국동서발전㈜,울산발전본부,8,2022-02,,0.0,,0.0,34.0,0.866856
한국동서발전㈜,울산발전본부,9,2022-02,,0.0,,0.0,34.0,3.849619
한국동서발전㈜,울산발전본부,10,2022-02,,0.0,,0.0,34.0,3.582295
한국동서발전㈜,울산발전본부,11,2022-02,,0.0,,0.0,34.0,4.813049
한국동서발전㈜,울산발전본부,12,2022-02,,0.0,,0.0,34.0,3.883637
한국동서발전㈜,울산발전본부,13,2022-02,,0.0,,0.0,21.0,13.219538
한국동서발전㈜,울산발전본부,14,2022-02,,0.0,,0.0,21.0,11.187025
한국동서발전㈜,동해바이오발전본부,1,2022-02,120.0,0.0,12.0,0.0,80.0,0.0
한국동서발전㈜,동해바이오발전본부,2,2022-02,120.0,0.0,12.0,0.0,80.0,0.0
한국동서발전㈜,신호남건설추진본부,1,2022-02,60.0,0.0,12.0,0.0,119.0,0.0
한국동서발전㈜,신호남건설추진본부,2,2022-02,60.0,0.0,12.0,0.0,119.0,0.0
한국동서발전㈜,일산발전본부,1,2022-02,,0.0,,0.0,40.0,16.252886
한국동서발전㈜,일산발전본부,2,2022-02,,0.0,,0.0,40.0,11.773635
한국동서발전㈜,일산발전본부,3,2022-02,,0.0,,0.0,40.0,16.781169
한국동서발전㈜,일산발전본부,4,2022-02,,0.0,,0.0,40.0,17.75452
한국동서발전㈜,일산발전본부,5,2022-02,,0.0,,0.0,40.0,1.554756
한국동서발전㈜,일산발전본부,6,2022-02,,0.0,,0.0,40.0,1.44775
한국동서발전㈜,당진발전본부,1,2022-03,48.0,0.0,11.0,0.0,56.0,0.0
한국동서발전㈜,당진발전본부,2,2022-03,48.0,34.156549,11.0,3.6417,56.0,18.703636
한국동서발전㈜,당진발전본부,3,2022-03,48.0,24.311842,11.0,2.836005,56.0,22.011067
한국동서발전㈜,당진발전본부,4,2022-03,48.0,0.0,11.0,0.0,56.0,0.0
한국동서발전㈜,당진발전본부,5,2022-03,48.0,21.778768,11.0,4.618138,56.0,21.839603
한국동서발전㈜,당진발전본부,6,2022-03,48.0,17.188474,11.0,3.559009,56.0,20.161779
한국동서발전㈜,당진발전본부,7,2022-03,48.0,24.86017,11.0,3.081262,56.0,15.991845
한국동서발전㈜,당진발전본부,8,2022-03,48.0,8.694067,11.0,1.065435,56.0,5.813477
한국동서발전㈜,당진발전본부,9,2022-03,40.0,0.0,9.0,0.0,40.0,0.0
한국동서발전㈜,당진발전본부,10,2022-03,40.0,53.538815,9.0,4.984735,40.0,52.173114
한국동서발전㈜,울산발전본부,4,2022-03,,0.0,,0.0,,0.0
한국동서발전㈜,울산발전본부,5,2022-03,,0.0,,0.0,,0.0
한국동서발전㈜,울산발전본부,6,2022-03,,0.0,,0.0,,0.0
한국동서발전㈜,울산발전본부,7,2022-03,,0.0,,0.0,34.0,0.485403
한국동서발전㈜,울산발전본부,8,2022-03,,0.0,,0.0,34.0,0.364798
한국동서발전㈜,울산발전본부,9,2022-03,,0.0,,0.0,34.0,7.608747
한국동서발전㈜,울산발전본부,10,2022-03,,0.0,,0.0,34.0,7.597143
한국동서발전㈜,울산발전본부,11,2022-03,,0.0,,0.0,34.0,10.108672
한국동서발전㈜,울산발전본부,12,2022-03,,0.0,,0.0,34.0,9.023624
한국동서발전㈜,울산발전본부,13,2022-03,,0.0,,0.0,21.0,16.289061
한국동서발전㈜,울산발전본부,14,2022-03,,0.0,,0.0,21.0,13.09773
한국동서발전㈜,동해바이오발전본부,1,2022-03,120.0,0.360143,12.0,0.036054,80.0,0.869835
한국동서발전㈜,동해바이오발전본부,2,2022-03,120.0,0.0,12.0,0.0,80.0,0.0
한국동서발전㈜,신호남건설추진본부,1,2022-03,60.0,0.0,12.0,0.0,119.0,0.0
한국동서발전㈜,신호남건설추진본부,2,2022-03,60.0,0.0,12.0,0.0,119.0,0.0
한국동서발전㈜,일산발전본부,1,2022-03,,0.0,,0.0,40.0,1.589498
한국동서발전㈜,일산발전본부,2,2022-03,,0.0,,0.0,40.0,1.583186
한국동서발전㈜,일산발전본부,3,2022-03,,0.0,,0.0,40.0,2.059556
한국동서발전㈜,일산발전본부,4,2022-03,,0.0,,0.0,40.0,2.249243
한국동서발전㈜,일산발전본부,5,2022-03,,0.0,,0.0,40.0,16.23649
한국동서발전㈜,일산발전본부,6,2022-03,,0.0,,0.0,40.0,15.777123
한국동서발전㈜,당진발전본부,1,2022-04,48.0,0.0,11.0,0.0,56.0,0.0
한국동서발전㈜,당진발전본부,2,2022-04,48.0,38.757828,11.0,4.070808,56.0,24.655246
한국동서발전㈜,당진발전본부,3,2022-04,48.0,34.034715,11.0,3.748398,56.0,27.607915
한국동서발전㈜,당진발전본부,4,2022-04,48.0,0.0,11.0,0.0,56.0,0.0
한국동서발전㈜,당진발전본부,5,2022-04,48.0,29.212748,11.0,5.647439,56.0,25.154956
한국동서발전㈜,당진발전본부,6,2022-04,48.0,20.216383,11.0,4.382754,56.0,24.599325
한국동서발전㈜,당진발전본부,7,2022-04,48.0,20.628056,11.0,2.428293,56.0,17.828693
한국동서발전㈜,당진발전본부,8,2022-04,48.0,0.0,11.0,0.0,56.0,0.0
한국동서발전㈜,당진발전본부,9,2022-04,40.0,0.0,9.0,0.0,40.0,0.0
한국동서발전㈜,당진발전본부,10,2022-04,40.0,23.407626,9.0,1.677411,40.0,17.287159
한국동서발전㈜,울산발전본부,4,2022-04,,0.0,,0.0,,0.0
한국동서발전㈜,울산발전본부,5,2022-04,,0.0,,0.0,,0.0
한국동서발전㈜,울산발전본부,6,2022-04,,0.0,,0.0,,0.0
한국동서발전㈜,울산발전본부,7,2022-04,,0.0,,0.0,34.0,0.0
한국동서발전㈜,울산발전본부,8,2022-04,,0.0,,0.0,34.0,0.0
한국동서발전㈜,울산발전본부,9,2022-04,,0.0,,0.0,34.0,4.169961
한국동서발전㈜,울산발전본부,10,2022-04,,0.0,,0.0,34.0,4.067628
한국동서발전㈜,울산발전본부,11,2022-04,,0.0,,0.0,34.0,15.745847
한국동서발전㈜,울산발전본부,12,2022-04,,0.0,,0.0,34.0,15.001653
한국동서발전㈜,울산발전본부,13,2022-04,,0.0,,0.0,21.0,16.315454
한국동서발전㈜,울산발전본부,14,2022-04,,0.0,,0.0,21.0,13.097504
한국동서발전㈜,동해바이오발전본부,1,2022-04,120.0,85.603814,12.0,0.656628,80.0,27.168954
한국동서발전㈜,동해바이오발전본부,2,2022-04,120.0,74.165916,12.0,0.971293,80.0,24.498467
한국동서발전㈜,신호남건설추진본부,1,2022-04,60.0,0.0,12.0,0.0,119.0,0.0
한국동서발전㈜,신호남건설추진본부,2,2022-04,60.0,0.0,12.0,0.0,119.0,0.0
한국동서발전㈜,일산발전본부,1,2022-04,,0.0,,0.0,40.0,0.385111
한국동서발전㈜,일산발전본부,2,2022-04,,0.0,,0.0,40.0,0.408649
한국동서발전㈜,일산발전본부,3,2022-04,,0.0,,0.0,40.0,0.0
한국동서발전㈜,일산발전본부,4,2022-04,,0.0,,0.0,40.0,0.007682
한국동서발전㈜,일산발전본부,5,2022-04,,0.0,,0.0,40.0,14.570628
한국동서발전㈜,일산발전본부,6,2022-04,,0.0,,0.0,40.0,14.238904
한국동서발전㈜,당진발전본부,1,2022-05,48.0,0.0,11.0,0.0,56.0,0.0
한국동서발전㈜,당진발전본부,2,2022-05,48.0,42.135521,11.0,4.338525,56.0,29.42154
한국동서발전㈜,당진발전본부,3,2022-05,48.0,14.112128,11.0,1.720512,56.0,10.472999
한국동서발전㈜,당진발전본부,4,2022-05,48.0,0.0,11.0,0.0,56.0,0.0
한국동서발전㈜,당진발전본부,5,2022-05,48.0,31.108679,11.0,6.391289,56.0,32.230367
한국동서발전㈜,당진발전본부,6,2022-05,48.0,8.368487,11.0,1.662691,56.0,12.217107
한국동서발전㈜,당진발전본부,7,2022-05,48.0,29.471903,11.0,3.8332,56.0,26.929304
한국동서발전㈜,당진발전본부,8,2022-05,48.0,13.178115,11.0,2.198942,56.0,17.772615
한국동서발전㈜,당진발전본부,9,2022-05,40.0,6.775953,9.0,0.32692,40.0,8.450232
한국동서발전㈜,당진발전본부,10,2022-05,40.0,82.880247,9.0,5.42855,40.0,65.43414
한국동서발전㈜,울산발전본부,4,2022-05,,0.0,,0.0,,0.0
한국동서발전㈜,울산발전본부,5,2022-05,,0.0,,0.0,,0.0
한국동서발전㈜,울산발전본부,6,2022-05,,0.0,,0.0,,0.0
한국동서발전㈜,울산발전본부,7,2022-05,,0.0,,0.0,34.0,2.265393
한국동서발전㈜,울산발전본부,8,2022-05,,0.0,,0.0,34.0,1.7434
한국동서발전㈜,울산발전본부,9,2022-05,,0.0,,0.0,34.0,13.562298
한국동서발전㈜,울산발전본부,10,2022-05,,0.0,,0.0,34.0,12.040701
한국동서발전㈜,울산발전본부,11,2022-05,,0.0,,0.0,34.0,18.275472
한국동서발전㈜,울산발전본부,12,2022-05,,0.0,,0.0,34.0,19.786515
한국동서발전㈜,울산발전본부,13,2022-05,,0.0,,0.0,21.0,3.249176
한국동서발전㈜,울산발전본부,14,2022-05,,0.0,,0.0,21.0,2.5121
한국동서발전㈜,동해바이오발전본부,1,2022-05,120.0,62.024331,12.0,0.568217,80.0,20.191333
한국동서발전㈜,동해바이오발전본부,2,2022-05,120.0,54.039312,12.0,0.699286,80.0,18.228358
한국동서발전㈜,신호남건설추진본부,1,2022-05,60.0,0.0,12.0,0.0,119.0,0.0
한국동서발전㈜,신호남건설추진본부,2,2022-05,60.0,0.0,12.0,0.0,119.0,0.0
한국동서발전㈜,일산발전본부,1,2022-05,,0.0,,0.0,40.0,0.937791
한국동서발전㈜,일산발전본부,2,2022-05,,0.0,,0.0,40.0,1.034854
한국동서발전㈜,일산발전본부,3,2022-05,,0.0,,0.0,40.0,1.60719
한국동서발전㈜,일산발전본부,4,2022-05,,0.0,,0.0,40.0,1.538918
한국동서발전㈜,일산발전본부,5,2022-05,,0.0,,0.0,40.0,9.95586
한국동서발전㈜,일산발전본부,6,2022-05,,0.0,,0.0,40.0,9.282948
한국동서발전㈜,당진발전본부,1,2022-06,48.0,0.0,11.0,0.0,56.0,0.0
한국동서발전㈜,당진발전본부,2,2022-06,48.0,40.309022,11.0,4.325645,56.0,27.852855
한국동서발전㈜,당진발전본부,3,2022-06,48.0,17.133176,11.0,1.731188,56.0,12.715026
한국동서발전㈜,당진발전본부,4,2022-06,48.0,0.0,11.0,0.0,56.0,0.0
한국동서발전㈜,당진발전본부,5,2022-06,48.0,34.270697,11.0,4.892813,56.0,23.490422
한국동서발전㈜,당진발전본부,6,2022-06,48.0,17.508848,11.0,2.771868,56.0,19.521473
한국동서발전㈜,당진발전본부,7,2022-06,48.0,29.228104,11.0,3.294623,56.0,21.099455
한국동서발전㈜,당진발전본부,8,2022-06,48.0,33.451424,11.0,4.533034,56.0,25.1521
한국동서발전㈜,당진발전본부,9,2022-06,40.0,78.007856,9.0,1.879247,40.0,55.746405
한국동서발전㈜,당진발전본부,10,2022-06,40.0,66.681016,9.0,4.124467,40.0,53.419652
한국동서발전㈜,울산발전본부,4,2022-06,,0.0,,0.0,,0.0
한국동서발전㈜,울산발전본부,5,2022-06,,0.0,,0.0,,0.0
한국동서발전㈜,울산발전본부,6,2022-06,,0.0,,0.0,,0.0
한국동서발전㈜,울산발전본부,7,2022-06,,0.0,,0.0,34.0,2.176792
한국동서발전㈜,울산발전본부,8,2022-06,,0.0,,0.0,34.0,1.763009
한국동서발전㈜,울산발전본부,9,2022-06,,0.0,,0.0,34.0,12.513595
한국동서발전㈜,울산발전본부,10,2022-06,,0.0,,0.0,34.0,15.311018
한국동서발전㈜,울산발전본부,11,2022-06,,0.0,,0.0,34.0,24.279062
한국동서발전㈜,울산발전본부,12,2022-06,,0.0,,0.0,34.0,22.614076
한국동서발전㈜,울산발전본부,13,2022-06,,0.0,,0.0,21.0,1.95487
한국동서발전㈜,울산발전본부,14,2022-06,,0.0,,0.0,21.0,0.89789
한국동서발전㈜,동해바이오발전본부,1,2022-06,120.0,104.559909,12.0,1.221422,80.0,28.860285
한국동서발전㈜,동해바이오발전본부,2,2022-06,120.0,17.476186,12.0,0.275716,80.0,6.47664
한국동서발전㈜,신호남건설추진본부,1,2022-06,60.0,0.0,12.0,0.0,119.0,0.0
한국동서발전㈜,신호남건설추진본부,2,2022-06,60.0,0.0,12.0,0.0,119.0,0.0
한국동서발전㈜,일산발전본부,1,2022-06,,0.0,,0.0,40.0,3.184665
한국동서발전㈜,일산발전본부,2,2022-06,,0.0,,0.0,40.0,3.2719
한국동서발전㈜,일산발전본부,3,2022-06,,0.0,,0.0,40.0,4.204319
한국동서발전㈜,일산발전본부,4,2022-06,,0.0,,0.0,40.0,4.615689
한국동서발전㈜,일산발전본부,5,2022-06,,0.0,,0.0,40.0,8.640277
한국동서발전㈜,일산발전본부,6,2022-06,,0.0,,0.0,40.0,8.644807
한국동서발전㈜,당진발전본부,1,2022-07,48.0,0.0,11.0,0.0,56.0,0.0
한국동서발전㈜,당진발전본부,2,2022-07,48.0,38.984378,11.0,4.522729,56.0,28.88093
한국동서발전㈜,당진발전본부,3,2022-07,48.0,34.277343,11.0,3.604813,56.0,25.437951
한국동서발전㈜,당진발전본부,4,2022-07,48.0,0.0,11.0,0.0,56.0,0.0
한국동서발전㈜,당진발전본부,5,2022-07,48.0,38.695793,11.0,4.318561,56.0,23.304363
한국동서발전㈜,당진발전본부,6,2022-07,48.0,23.482865,11.0,3.572704,56.0,22.045295
한국동서발전㈜,당진발전본부,7,2022-07,48.0,39.812129,11.0,4.054717,56.0,24.563858
한국동서발전㈜,당진발전본부,8,2022-07,48.0,36.091433,11.0,4.333683,56.0,24.343805
한국동서발전㈜,당진발전본부,9,2022-07,40.0,72.848456,9.0,2.232707,40.0,56.038567
한국동서발전㈜,당진발전본부,10,2022-07,40.0,70.845138,9.0,4.924138,40.0,58.612636
한국동서발전㈜,울산발전본부,4,2022-07,,0.0,,0.0,,0.0
한국동서발전㈜,울산발전본부,5,2022-07,,0.0,,0.0,,0.0
한국동서발전㈜,울산발전본부,6,2022-07,,0.0,,0.0,,0.0
한국동서발전㈜,울산발전본부,7,2022-07,,0.0,,0.0,34.0,2.285835
한국동서발전㈜,울산발전본부,8,2022-07,,0.0,,0.0,34.0,2.708992
한국동서발전㈜,울산발전본부,9,2022-07,,0.0,,0.0,34.0,7.076618
한국동서발전㈜,울산발전본부,10,2022-07,,0.0,,0.0,34.0,8.420304
한국동서발전㈜,울산발전본부,11,2022-07,,0.0,,0.0,34.0,9.285151
한국동서발전㈜,울산발전본부,12,2022-07,,0.0,,0.0,34.0,9.256528
한국동서발전㈜,울산발전본부,13,2022-07,,0.0,,0.0,21.0,14.358267
한국동서발전㈜,울산발전본부,14,2022-07,,0.0,,0.0,21.0,13.976703
한국동서발전㈜,동해바이오발전본부,1,2022-07,120.0,92.542117,12.0,1.296295,80.0,29.457764
한국동서발전㈜,동해바이오발전본부,2,2022-07,120.0,91.558256,12.0,1.046304,80.0,29.46431
한국동서발전㈜,신호남건설추진본부,1,2022-07,60.0,0.0,12.0,0.0,119.0,0.0
한국동서발전㈜,신호남건설추진본부,2,2022-07,60.0,0.0,12.0,0.0,119.0,0.0
한국동서발전㈜,일산발전본부,1,2022-07,,0.0,,0.0,40.0,3.083915
한국동서발전㈜,일산발전본부,2,2022-07,,0.0,,0.0,40.0,2.896276
한국동서발전㈜,일산발전본부,3,2022-07,,0.0,,0.0,40.0,3.331034
한국동서발전㈜,일산발전본부,4,2022-07,,0.0,,0.0,40.0,3.589002
한국동서발전㈜,일산발전본부,5,2022-07,,0.0,,0.0,40.0,3.516964
한국동서발전㈜,일산발전본부,6,2022-07,,0.0,,0.0,40.0,3.181821
한국동서발전㈜,당진발전본부,1,2022-08,48.0,0.0,11.0,0.0,56.0,0.0
한국동서발전㈜,당진발전본부,2,2022-08,48.0,40.320765,11.0,4.375633,56.0,28.438417
한국동서발전㈜,당진발전본부,3,2022-08,48.0,35.824811,11.0,3.510809,56.0,23.288459
한국동서발전㈜,당진발전본부,4,2022-08,48.0,0.0,11.0,0.0,56.0,0.0
한국동서발전㈜,당진발전본부,5,2022-08,48.0,25.520203,11.0,3.701928,56.0,20.784664
한국동서발전㈜,당진발전본부,6,2022-08,48.0,21.92704,11.0,3.702957,56.0,21.61848
한국동서발전㈜,당진발전본부,7,2022-08,48.0,40.287554,11.0,4.476277,56.0,24.360674
한국동서발전㈜,당진발전본부,8,2022-08,48.0,29.778926,11.0,4.914804,56.0,22.569938
한국동서발전㈜,당진발전본부,9,2022-08,40.0,73.018949,9.0,2.256561,40.0,57.403846
한국동서발전㈜,당진발전본부,10,2022-08,40.0,63.266348,9.0,4.50795,40.0,53.113887
한국동서발전㈜,울산발전본부,4,2022-08,,0.0,,0.0,,0.0
한국동서발전㈜,울산발전본부,5,2022-08,,0.0,,0.0,,0.0
한국동서발전㈜,울산발전본부,6,2022-08,,0.0,,0.0,,0.0
한국동서발전㈜,울산발전본부,7,2022-08,,0.0,,0.0,34.0,0.115343
한국동서발전㈜,울산발전본부,8,2022-08,,0.0,,0.0,34.0,0.156036
한국동서발전㈜,울산발전본부,9,2022-08,,0.0,,0.0,34.0,3.664695
한국동서발전㈜,울산발전본부,10,2022-08,,0.0,,0.0,34.0,3.703705
한국동서발전㈜,울산발전본부,11,2022-08,,0.0,,0.0,34.0,7.104048
한국동서발전㈜,울산발전본부,12,2022-08,,0.0,,0.0,34.0,7.10549
한국동서발전㈜,울산발전본부,13,2022-08,,0.0,,0.0,21.0,12.582435
한국동서발전㈜,울산발전본부,14,2022-08,,0.0,,0.0,21.0,12.892872
한국동서발전㈜,동해바이오발전본부,1,2022-08,120.0,91.311332,12.0,1.305636,80.0,29.031754
한국동서발전㈜,동해바이오발전본부,2,2022-08,120.0,92.001795,12.0,1.095148,80.0,29.631786
한국동서발전㈜,신호남건설추진본부,1,2022-08,60.0,0.0,12.0,0.0,119.0,0.0
한국동서발전㈜,신호남건설추진본부,2,2022-08,60.0,0.0,12.0,0.0,119.0,0.0
한국동서발전㈜,일산발전본부,1,2022-08,,0.0,,0.0,40.0,0.5497
한국동서발전㈜,일산발전본부,2,2022-08,,0.0,,0.0,40.0,0.480705
한국동서발전㈜,일산발전본부,3,2022-08,,0.0,,0.0,40.0,0.673334
한국동서발전㈜,일산발전본부,4,2022-08,,0.0,,0.0,40.0,0.803434
한국동서발전㈜,일산발전본부,5,2022-08,,0.0,,0.0,40.0,0.897094
한국동서발전㈜,일산발전본부,6,2022-08,,0.0,,0.0,40.0,0.663627
한국동서발전㈜,당진발전본부,1,2022-09,48.0,0.0,11.0,0.0,56.0,0.0
한국동서발전㈜,당진발전본부,2,2022-09,48.0,36.523323,11.0,3.657677,56.0,25.873314
한국동서발전㈜,당진발전본부,3,2022-09,48.0,33.64647,11.0,2.920109,56.0,21.59599
한국동서발전㈜,당진발전본부,4,2022-09,48.0,0.0,11.0,0.0,56.0,0.0
한국동서발전㈜,당진발전본부,5,2022-09,48.0,26.364373,11.0,3.275949,56.0,20.838217
한국동서발전㈜,당진발전본부,6,2022-09,48.0,21.097341,11.0,2.942788,56.0,19.014289
한국동서발전㈜,당진발전본부,7,2022-09,48.0,13.913328,11.0,1.489499,56.0,9.805034
한국동서발전㈜,당진발전본부,8,2022-09,48.0,33.978683,11.0,5.15338,56.0,23.178444
한국동서발전㈜,당진발전본부,9,2022-09,40.0,70.984141,9.0,2.030253,40.0,51.900016
한국동서발전㈜,당진발전본부,10,2022-09,40.0,68.773301,9.0,4.487275,40.0,54.435588
한국동서발전㈜,울산발전본부,4,2022-09,,0.0,,0.0,,0.0
한국동서발전㈜,울산발전본부,5,2022-09,,0.0,,0.0,,0.0
한국동서발전㈜,울산발전본부,6,2022-09,,0.0,,0.0,,0.0
한국동서발전㈜,울산발전본부,7,2022-09,,0.0,,0.0,34.0,0.431152
한국동서발전㈜,울산발전본부,8,2022-09,,0.0,,0.0,34.0,0.581075
한국동서발전㈜,울산발전본부,9,2022-09,,0.0,,0.0,34.0,3.852626
한국동서발전㈜,울산발전본부,10,2022-09,,0.0,,0.0,34.0,1.597481
한국동서발전㈜,울산발전본부,11,2022-09,,0.0,,0.0,34.0,17.671044
한국동서발전㈜,울산발전본부,12,2022-09,,0.0,,0.0,34.0,6.552239
한국동서발전㈜,울산발전본부,13,2022-09,,0.0,,0.0,21.0,13.658605
한국동서발전㈜,울산발전본부,14,2022-09,,0.0,,0.0,21.0,15.3551
한국동서발전㈜,동해바이오발전본부,1,2022-09,120.0,22.337303,12.0,0.345823,80.0,7.225867
한국동서발전㈜,동해바이오발전본부,2,2022-09,120.0,75.309323,12.0,1.013432,80.0,23.977786
한국동서발전㈜,신호남건설추진본부,1,2022-09,60.0,0.0,12.0,0.0,119.0,0.0
한국동서발전㈜,신호남건설추진본부,2,2022-09,60.0,0.0,12.0,0.0,119.0,0.0
한국동서발전㈜,일산발전본부,1,2022-09,,0.0,,0.0,40.0,0.826704
한국동서발전㈜,일산발전본부,2,2022-09,,0.0,,0.0,40.0,0.960083
한국동서발전㈜,일산발전본부,3,2022-09,,0.0,,0.0,40.0,0.867188
한국동서발전㈜,일산발전본부,4,2022-09,,0.0,,0.0,40.0,1.309592
한국동서발전㈜,일산발전본부,5,2022-09,,0.0,,0.0,40.0,3.058101
한국동서발전㈜,일산발전본부,6,2022-09,,0.0,,0.0,40.0,2.399273
한국동서발전㈜,당진발전본부,1,2022-10,48.0,0.0,11.0,0.0,56.0,0.0
한국동서발전㈜,당진발전본부,2,2022-10,48.0,38.318178,11.0,3.872348,56.0,27.953328
한국동서발전㈜,당진발전본부,3,2022-10,48.0,32.151469,11.0,2.759612,56.0,23.372426
한국동서발전㈜,당진발전본부,4,2022-10,48.0,0.0,11.0,0.0,56.0,0.0
한국동서발전㈜,당진발전본부,5,2022-10,48.0,24.509276,11.0,4.744482,56.0,27.993636
한국동서발전㈜,당진발전본부,6,2022-10,48.0,10.551895,11.0,1.707572,56.0,12.77111
한국동서발전㈜,당진발전본부,7,2022-10,48.0,0.0,11.0,0.0,56.0,0.0
한국동서발전㈜,당진발전본부,8,2022-10,48.0,23.336877,11.0,5.32465,56.0,25.913768
한국동서발전㈜,당진발전본부,9,2022-10,40.0,66.611825,9.0,1.723036,40.0,53.087511
한국동서발전㈜,당진발전본부,10,2022-10,40.0,47.811876,9.0,6.615625,40.0,45.1915
한국동서발전㈜,울산발전본부,4,2022-10,,0.0,,0.0,,0.0
한국동서발전㈜,울산발전본부,5,2022-10,,0.0,,0.0,,0.0
한국동서발전㈜,울산발전본부,6,2022-10,,0.0,,0.0,,0.0
한국동서발전㈜,울산발전본부,7,2022-10,,0.0,,0.0,34.0,0.426381
한국동서발전㈜,울산발전본부,8,2022-10,,0.0,,0.0,34.0,0.663326
한국동서발전㈜,울산발전본부,9,2022-10,,0.0,,0.0,34.0,8.40343
한국동서발전㈜,울산발전본부,10,2022-10,,0.0,,0.0,34.0,2.415232
한국동서발전㈜,울산발전본부,11,2022-10,,0.0,,0.0,34.0,17.329631
한국동서발전㈜,울산발전본부,12,2022-10,,0.0,,0.0,34.0,22.402995
한국동서발전㈜,울산발전본부,13,2022-10,,0.0,,0.0,21.0,16.128309
한국동서발전㈜,울산발전본부,14,2022-10,,0.0,,0.0,21.0,16.249209
한국동서발전㈜,동해바이오발전본부,1,2022-10,120.0,69.290429,12.0,0.932624,80.0,22.712055
한국동서발전㈜,동해바이오발전본부,2,2022-10,120.0,57.856247,12.0,0.647236,80.0,17.963647
한국동서발전㈜,신호남건설추진본부,1,2022-10,60.0,0.0,12.0,0.0,119.0,0.0
한국동서발전㈜,신호남건설추진본부,2,2022-10,60.0,0.0,12.0,0.0,119.0,0.0
한국동서발전㈜,일산발전본부,1,2022-10,,0.0,,0.0,40.0,1.96664
한국동서발전㈜,일산발전본부,2,2022-10,,0.0,,0.0,40.0,1.947056
한국동서발전㈜,일산발전본부,3,2022-10,,0.0,,0.0,40.0,2.379801
한국동서발전㈜,일산발전본부,4,2022-10,,0.0,,0.0,40.0,2.185592
한국동서발전㈜,일산발전본부,5,2022-10,,0.0,,0.0,40.0,6.162423
한국동서발전㈜,일산발전본부,6,2022-10,,0.0,,0.0,40.0,5.171005
한국동서발전㈜,당진발전본부,1,2022-11,48.0,0.0,11.0,0.0,56.0,0.0
한국동서발전㈜,당진발전본부,2,2022-11,48.0,38.559029,11.0,3.45186,56.0,24.44122
한국동서발전㈜,당진발전본부,3,2022-11,48.0,32.476444,11.0,2.544492,56.0,23.735723
한국동서발전㈜,당진발전본부,4,2022-11,48.0,0.13785,11.0,0.010506,56.0,0.046945
한국동서발전㈜,당진발전본부,5,2022-11,48.0,33.891046,11.0,5.110394,56.0,25.495219
한국동서발전㈜,당진발전본부,6,2022-11,48.0,8.615637,11.0,1.338253,56.0,8.428933
한국동서발전㈜,당진발전본부,7,2022-11,48.0,0.0,11.0,0.0,56.0,0.0
한국동서발전㈜,당진발전본부,8,2022-11,48.0,27.600011,11.0,5.254788,56.0,24.239141
한국동서발전㈜,당진발전본부,9,2022-11,40.0,66.005435,9.0,1.816457,40.0,54.782519
한국동서발전㈜,당진발전본부,10,2022-11,40.0,39.681164,9.0,3.50974,40.0,40.48727
한국동서발전㈜,울산발전본부,4,2022-11,,0.0,,0.0,,0.0
한국동서발전㈜,울산발전본부,5,2022-11,,0.0,,0.0,,0.0
한국동서발전㈜,울산발전본부,6,2022-11,,0.0,,0.0,,0.0
한국동서발전㈜,울산발전본부,7,2022-11,,0.0,,0.0,34.0,2.921546
한국동서발전㈜,울산발전본부,8,2022-11,,0.0,,0.0,34.0,2.345858
한국동서발전㈜,울산발전본부,9,2022-11,,0.0,,0.0,34.0,11.064002
한국동서발전㈜,울산발전본부,10,2022-11,,0.0,,0.0,34.0,12.625482
한국동서발전㈜,울산발전본부,11,2022-11,,0.0,,0.0,34.0,18.137096
한국동서발전㈜,울산발전본부,12,2022-11,,0.0,,0.0,34.0,14.006319
한국동서발전㈜,울산발전본부,13,2022-11,,0.0,,0.0,21.0,15.462242
한국동서발전㈜,울산발전본부,14,2022-11,,0.0,,0.0,21.0,14.419772
한국동서발전㈜,동해바이오발전본부,1,2022-11,120.0,97.386783,12.0,1.107913,80.0,26.980305
한국동서발전㈜,동해바이오발전본부,2,2022-11,120.0,7.098201,12.0,0.118985,80.0,2.776157
한국동서발전㈜,신호남건설추진본부,1,2022-11,60.0,0.0,12.0,0.0,119.0,0.0
한국동서발전㈜,신호남건설추진본부,2,2022-11,60.0,0.0,12.0,0.0,119.0,0.0
한국동서발전㈜,일산발전본부,1,2022-11,,0.0,,0.0,40.0,3.135549
한국동서발전㈜,일산발전본부,2,2022-11,,0.0,,0.0,40.0,3.819792
한국동서발전㈜,일산발전본부,3,2022-11,,0.0,,0.0,40.0,4.00734
한국동서발전㈜,일산발전본부,4,2022-11,,0.0,,0.0,40.0,4.536045
한국동서발전㈜,일산발전본부,5,2022-11,,0.0,,0.0,40.0,7.779431
한국동서발전㈜,일산발전본부,6,2022-11,,0.0,,0.0,40.0,7.368118
한국동서발전㈜,당진발전본부,1,2022-12,48.0,0.0,11.0,0.0,56.0,0.0
한국동서발전㈜,당진발전본부,2,2022-12,48.0,32.867718,11.0,3.440773,56.0,24.883686
한국동서발전㈜,당진발전본부,3,2022-12,48.0,33.126319,11.0,1.907073,56.0,21.807566
한국동서발전㈜,당진발전본부,4,2022-12,48.0,32.37617,11.0,2.469092,56.0,11.027341
한국동서발전㈜,당진발전본부,5,2022-12,48.0,37.805386,11.0,5.476365,56.0,23.58414
한국동서발전㈜,당진발전본부,6,2022-12,48.0,19.114084,11.0,2.752989,56.0,16.669904
한국동서발전㈜,당진발전본부,7,2022-12,48.0,8.697875,11.0,1.774529,56.0,11.927224
한국동서발전㈜,당진발전본부,8,2022-12,48.0,29.304249,11.0,5.434459,56.0,19.323084
한국동서발전㈜,당진발전본부,9,2022-12,40.0,74.21632,9.0,1.333187,40.0,51.400416
한국동서발전㈜,당진발전본부,10,2022-12,40.0,49.221015,9.0,5.111374,40.0,58.839155
한국동서발전㈜,울산발전본부,4,2022-12,,0.0,,0.0,,0.0
한국동서발전㈜,울산발전본부,5,2022-12,,0.0,,0.0,,0.0
한국동서발전㈜,울산발전본부,6,2022-12,,0.0,,0.0,,0.0
한국동서발전㈜,울산발전본부,7,2022-12,,0.0,,0.0,34.0,1.282214
한국동서발전㈜,울산발전본부,8,2022-12,,0.0,,0.0,34.0,1.034709
한국동서발전㈜,울산발전본부,9,2022-12,,0.0,,0.0,34.0,4.606175
한국동서발전㈜,울산발전본부,10,2022-12,,0.0,,0.0,34.0,4.909175
한국동서발전㈜,울산발전본부,11,2022-12,,0.0,,0.0,34.0,14.455584
한국동서발전㈜,울산발전본부,12,2022-12,,0.0,,0.0,34.0,11.326133
한국동서발전㈜,울산발전본부,13,2022-12,,0.0,,0.0,21.0,16.845797
한국동서발전㈜,울산발전본부,14,2022-12,,0.0,,0.0,21.0,15.369
한국동서발전㈜,동해바이오발전본부,1,2022-12,120.0,86.628317,12.0,1.030904,80.0,27.272771
한국동서발전㈜,동해바이오발전본부,2,2022-12,120.0,81.799559,12.0,1.394548,80.0,25.705803
한국동서발전㈜,신호남건설추진본부,1,2022-12,60.0,0.0,12.0,0.0,119.0,0.0
한국동서발전㈜,신호남건설추진본부,2,2022-12,60.0,0.0,12.0,0.0,119.0,0.0
한국동서발전㈜,일산발전본부,1,2022-12,,0.0,,0.0,40.0,16.418865
한국동서발전㈜,일산발전본부,2,2022-12,,0.0,,0.0,40.0,12.961817
한국동서발전㈜,일산발전본부,3,2022-12,,0.0,,0.0,40.0,13.661013
한국동서발전㈜,일산발전본부,4,2022-12,,0.0,,0.0,40.0,20.913949
한국동서발전㈜,일산발전본부,5,2022-12,,0.0,,0.0,40.0,3.926107
한국동서발전㈜,일산발전본부,6,2022-12,,0.0,,0.0,40.0,4.04044
한국동서발전㈜,당진발전본부,1,2023-01,25.0,0.0,5.0,0.0,15.0,0.0
한국동서발전㈜,당진발전본부,2,2023-01,48.0,5.142,11.0,0.599,56.0,3.9
한국동서발전㈜,당진발전본부,3,2023-01,25.0,3.033,5.0,0.235,15.0,2.584
한국동서발전㈜,당진발전본부,4,2023-01,25.0,50.736,5.0,3.869,15.0,17.28
한국동서발전㈜,당진발전본부,5,2023-01,48.0,27.558,11.0,4.592,56.0,21.879
한국동서발전㈜,당진발전본부,6,2023-01,48.0,19.683,11.0,3.867,56.0,18.287
한국동서발전㈜,당진발전본부,7,2023-01,48.0,17.216,11.0,3.339,56.0,17.934
한국동서발전㈜,당진발전본부,8,2023-01,48.0,24.299,11.0,5.419,56.0,20.002
한국동서발전㈜,당진발전본부,9,2023-01,40.0,48.654,9.0,1.077,40.0,49.321
한국동서발전㈜,당진발전본부,10,2023-01,40.0,40.895,9.0,4.576,40.0,47.445
한국동서발전㈜,울산발전본부,7,2023-01,,0.0,,0.0,34.0,0.123
한국동서발전㈜,울산발전본부,8,2023-01,,0.0,,0.0,34.0,0.141
한국동서발전㈜,울산발전본부,9,2023-01,,0.0,,0.0,34.0,1.132
한국동서발전㈜,울산발전본부,10,2023-01,,0.0,,0.0,34.0,1.101
한국동서발전㈜,울산발전본부,11,2023-01,,0.0,,0.0,34.0,3.519
한국동서발전㈜,울산발전본부,12,2023-01,,0.0,,0.0,34.0,6.899
한국동서발전㈜,울산발전본부,13,2023-01,,0.0,,0.0,21.0,12.838
한국동서발전㈜,울산발전본부,14,2023-01,,0.0,,0.0,21.0,13.763
한국동서발전㈜,동해바이오발전본부,1,2023-01,120.0,71.954705,12.0,0.963929,80.0,23.511468
한국동서발전㈜,동해바이오발전본부,2,2023-01,120.0,79.995993,12.0,1.440849,80.0,25.475908
한국동서발전㈜,일산발전본부,1,2023-01,,0.0,,0.0,40.0,15.086
한국동서발전㈜,일산발전본부,2,2023-01,,0.0,,0.0,40.0,12.543
한국동서발전㈜,일산발전본부,3,2023-01,,0.0,,0.0,40.0,9.557
한국동서발전㈜,일산발전본부,4,2023-01,,0.0,,0.0,40.0,19.053
한국동서발전㈜,일산발전본부,5,2023-01,,0.0,,0.0,40.0,4.815
한국동서발전㈜,일산발전본부,6,2023-01,,0.0,,0.0,40.0,4.819
한국동서발전㈜,당진발전본부,1,2023-02,25.0,0.0,5.0,0.0,15.0,0.0
한국동서발전㈜,당진발전본부,2,2023-02,48.0,35.054,11.0,2.701,56.0,22.584
한국동서발전㈜,당진발전본부,3,2023-02,25.0,1.542,5.0,0.108,15.0,1.008
한국동서발전㈜,당진발전본부,4,2023-02,25.0,36.466,5.0,2.947,15.0,13.889
한국동서발전㈜,당진발전본부,5,2023-02,48.0,35.756,11.0,3.987,56.0,30.184
한국동서발전㈜,당진발전본부,6,2023-02,48.0,21.731,11.0,2.708,56.0,21.521
한국동서발전㈜,당진발전본부,7,2023-02,48.0,25.433,11.0,3.19,56.0,28.951
한국동서발전㈜,당진발전본부,8,2023-02,48.0,33.223,11.0,4.579,56.0,24.253
한국동서발전㈜,당진발전본부,9,2023-02,40.0,53.252,9.0,1.142,40.0,43.744
한국동서발전㈜,당진발전본부,10,2023-02,40.0,46.135,9.0,3.079,40.0,41.516
한국동서발전㈜,울산발전본부,7,2023-02,,0.0,,0.0,34.0,0.018
한국동서발전㈜,울산발전본부,8,2023-02,,0.0,,0.0,34.0,0.021
한국동서발전㈜,울산발전본부,9,2023-02,,0.0,,0.0,34.0,0.513
한국동서발전㈜,울산발전본부,10,2023-02,,0.0,,0.0,34.0,2.356
한국동서발전㈜,울산발전본부,11,2023-02,,0.0,,0.0,34.0,12.774
한국동서발전㈜,울산발전본부,12,2023-02,,0.0,,0.0,34.0,8.596
한국동서발전㈜,울산발전본부,13,2023-02,,0.0,,0.0,21.0,14.764
한국동서발전㈜,울산발전본부,14,2023-02,,0.0,,0.0,21.0,15.207
한국동서발전㈜,동해바이오발전본부,1,2023-02,120.0,78.57549,12.0,1.269429,80.0,25.150784
한국동서발전㈜,동해바이오발전본부,2,2023-02,120.0,74.176533,12.0,1.247666,80.0,23.730351
한국동서발전㈜,일산발전본부,1,2023-02,,0.0,,0.0,40.0,3.08
한국동서발전㈜,일산발전본부,2,2023-02,,0.0,,0.0,40.0,0.551
한국동서발전㈜,일산발전본부,3,2023-02,,0.0,,0.0,40.0,2.365
한국동서발전㈜,일산발전본부,4,2023-02,,0.0,,0.0,40.0,4.374
한국동서발전㈜,일산발전본부,5,2023-02,,0.0,,0.0,40.0,12.456
한국동서발전㈜,일산발전본부,6,2023-02,,0.0,,0.0,40.0,11.625
한국동서발전㈜,당진발전본부,1,2023-03,25.0,0.0,5.0,0.0,15.0,0.0
한국동서발전㈜,당진발전본부,2,2023-03,48.0,27.409,11.0,2.645,56.0,21.166
한국동서발전㈜,당진발전본부,3,2023-03,25.0,0.0,5.0,0.0,15.0,0.0
한국동서발전㈜,당진발전본부,4,2023-03,25.0,5.258,5.0,2.292,15.0,10.893
한국동서발전㈜,당진발전본부,5,2023-03,48.0,29.805,11.0,1.403,56.0,17.038
한국동서발전㈜,당진발전본부,6,2023-03,48.0,11.028,11.0,0.815,56.0,11.643
한국동서발전㈜,당진발전본부,7,2023-03,48.0,20.699,11.0,0.826,56.0,26.242
한국동서발전㈜,당진발전본부,8,2023-03,48.0,3.221,11.0,0.088,56.0,3.046
한국동서발전㈜,당진발전본부,9,2023-03,40.0,63.6,9.0,1.918,40.0,58.292
한국동서발전㈜,당진발전본부,10,2023-03,40.0,4.352,9.0,0.127,40.0,3.513
한국동서발전㈜,울산발전본부,7,2023-03,,0.0,,0.0,34.0,0.11
한국동서발전㈜,울산발전본부,8,2023-03,,0.0,,0.0,34.0,0.016
한국동서발전㈜,울산발전본부,9,2023-03,,0.0,,0.0,34.0,4.754
한국동서발전㈜,울산발전본부,10,2023-03,,0.0,,0.0,34.0,4.791
한국동서발전㈜,울산발전본부,11,2023-03,,0.0,,0.0,34.0,9.241
한국동서발전㈜,울산발전본부,12,2023-03,,0.0,,0.0,34.0,9.879
한국동서발전㈜,울산발전본부,13,2023-03,,0.0,,0.0,21.0,10.928
한국동서발전㈜,울산발전본부,14,2023-03,,0.0,,0.0,21.0,10.629
한국동서발전㈜,동해바이오발전본부,1,2023-03,120.0,81.026138,12.0,1.170845,80.0,26.551656
한국동서발전㈜,동해바이오발전본부,2,2023-03,120.0,37.008315,12.0,0.837316,80.0,12.434927
한국동서발전㈜,일산발전본부,1,2023-03,,0.0,,0.0,40.0,0.009
한국동서발전㈜,일산발전본부,2,2023-03,,0.0,,0.0,40.0,0.007
한국동서발전㈜,일산발전본부,3,2023-03,,0.0,,0.0,40.0,0.001
한국동서발전㈜,일산발전본부,4,2023-03,,0.0,,0.0,40.0,0.011
한국동서발전㈜,일산발전본부,5,2023-03,,0.0,,0.0,40.0,13.915
한국동서발전㈜,일산발전본부,6,2023-03,,0.0,,0.0,40.0,11.645
한국동서발전㈜,당진발전본부,1,2023-04,25.0,21.62,5.0,1.628,15.0,9.4
한국동서발전㈜,당진발전본부,2,2023-04,48.0,17.313,11.0,1.746,56.0,14.456
한국동서발전㈜,당진발전본부,3,2023-04,25.0,8.382,5.0,0.368,15.0,4.078
한국동서발전㈜,당진발전본부,4,2023-04,25.0,7.207,5.0,1.812,15.0,9.175
한국동서발전㈜,당진발전본부,5,2023-04,48.0,39.884,11.0,2.042,56.0,23.527
한국동서발전㈜,당진발전본부,6,2023-04,48.0,12.035,11.0,0.87,56.0,13.807
한국동서발전㈜,당진발전본부,7,2023-04,48.0,19.687,11.0,0.871,56.0,21.912
한국동서발전㈜,당진발전본부,8,2023-04,48.0,21.529,11.0,0.656,56.0,15.298
한국동서발전㈜,당진발전본부,9,2023-04,40.0,44.05,9.0,1.562,40.0,41.512
한국동서발전㈜,당진발전본부,10,2023-04,40.0,0.0,9.0,0.0,40.0,0.0
한국동서발전㈜,울산발전본부,7,2023-04,,0.0,,0.0,34.0,0.868
한국동서발전㈜,울산발전본부,8,2023-04,,0.0,,0.0,34.0,0.572
한국동서발전㈜,울산발전본부,9,2023-04,,0.0,,0.0,34.0,2.13
한국동서발전㈜,울산발전본부,10,2023-04,,0.0,,0.0,34.0,2.286
한국동서발전㈜,울산발전본부,11,2023-04,,0.0,,0.0,34.0,1.891
한국동서발전㈜,울산발전본부,12,2023-04,,0.0,,0.0,34.0,4.899
한국동서발전㈜,울산발전본부,13,2023-04,,0.0,,0.0,21.0,12.596
한국동서발전㈜,울산발전본부,14,2023-04,,0.0,,0.0,21.0,12.228
한국동서발전㈜,동해바이오발전본부,1,2023-04,120.0,14.159437,12.0,0.224921,80.0,4.850393
한국동서발전㈜,동해바이오발전본부,2,2023-04,120.0,0.0,12.0,0.0,80.0,0.0
한국동서발전㈜,일산발전본부,1,2023-04,,0.0,,0.0,40.0,0.419
한국동서발전㈜,일산발전본부,2,2023-04,,0.0,,0.0,40.0,0.97
한국동서발전㈜,일산발전본부,3,2023-04,,0.0,,0.0,40.0,0.739
한국동서발전㈜,일산발전본부,4,2023-04,,0.0,,0.0,40.0,1.218
한국동서발전㈜,일산발전본부,5,2023-04,,0.0,,0.0,40.0,5.201
한국동서발전㈜,일산발전본부,6,2023-04,,0.0,,0.0,40.0,7.404
한국동서발전㈜,당진발전본부,1,2023-05,25.0,32.485,5.0,2.685,15.0,14.01
한국동서발전㈜,당진발전본부,2,2023-05,48.0,0.283,11.0,0.025,56.0,0.721
한국동서발전㈜,당진발전본부,3,2023-05,25.0,0.0,5.0,0.0,15.0,0.0
한국동서발전㈜,당진발전본부,4,2023-05,25.0,10.81,5.0,2.774,15.0,10.092
한국동서발전㈜,당진발전본부,5,2023-05,48.0,30.769,11.0,1.432,56.0,16.444
한국동서발전㈜,당진발전본부,6,2023-05,48.0,9.367,11.0,0.435,56.0,10.246
한국동서발전㈜,당진발전본부,7,2023-05,48.0,27.716,11.0,1.234,56.0,22.716
한국동서발전㈜,당진발전본부,8,2023-05,48.0,16.556,11.0,0.469,56.0,12.341
한국동서발전㈜,당진발전본부,9,2023-05,40.0,52.36,9.0,1.826,40.0,58.688
한국동서발전㈜,당진발전본부,10,2023-05,40.0,4.782,9.0,0.03,40.0,9.04
한국동서발전㈜,울산발전본부,7,2023-05,,0.0,,0.0,34.0,1.179
한국동서발전㈜,울산발전본부,8,2023-05,,0.0,,0.0,34.0,1.764
한국동서발전㈜,울산발전본부,9,2023-05,,0.0,,0.0,34.0,6.632
한국동서발전㈜,울산발전본부,10,2023-05,,0.0,,0.0,34.0,6.229
한국동서발전㈜,울산발전본부,11,2023-05,,0.0,,0.0,34.0,1.408
한국동서발전㈜,울산발전본부,12,2023-05,,0.0,,0.0,34.0,7.795
한국동서발전㈜,울산발전본부,13,2023-05,,0.0,,0.0,21.0,10.342
한국동서발전㈜,울산발전본부,14,2023-05,,0.0,,0.0,21.0,11.479
한국동서발전㈜,동해바이오발전본부,1,2023-05,120.0,41.261063,12.0,0.524886,80.0,14.362166
한국동서발전㈜,동해바이오발전본부,2,2023-05,120.0,0.0,12.0,0.0,80.0,0.0
한국동서발전㈜,일산발전본부,1,2023-05,,0.0,,0.0,40.0,1.089
한국동서발전㈜,일산발전본부,2,2023-05,,0.0,,0.0,40.0,1.028
한국동서발전㈜,일산발전본부,3,2023-05,,0.0,,0.0,40.0,2.103
한국동서발전㈜,일산발전본부,4,2023-05,,0.0,,0.0,40.0,2.186
한국동서발전㈜,일산발전본부,5,2023-05,,0.0,,0.0,40.0,0.0
한국동서발전㈜,일산발전본부,6,2023-05,,0.0,,0.0,40.0,0.0
한국동서발전㈜,당진발전본부,1,2023-06,25.0,13.858,5.0,1.795,15.0,6.725
한국동서발전㈜,당진발전본부,2,2023-06,48.0,13.198,11.0,1.003,56.0,7.349
한국동서발전㈜,당진발전본부,3,2023-06,25.0,9.908,5.0,0.372,15.0,4.638
한국동서발전㈜,당진발전본부,4,2023-06,25.0,4.658,5.0,1.564,15.0,8.198
한국동서발전㈜,당진발전본부,5,2023-06,48.0,1.915,11.0,0.207,56.0,3.605
한국동서발전㈜,당진발전본부,6,2023-06,48.0,34.325,11.0,2.311,56.0,22.579
한국동서발전㈜,당진발전본부,7,2023-06,48.0,26.587,11.0,0.965,56.0,17.537
한국동서발전㈜,당진발전본부,8,2023-06,48.0,18.046,11.0,0.242,56.0,9.574
한국동서발전㈜,당진발전본부,9,2023-06,40.0,60.533,9.0,1.383,40.0,48.423
한국동서발전㈜,당진발전본부,10,2023-06,40.0,53.329,9.0,1.342,40.0,48.941
한국동서발전㈜,울산발전본부,7,2023-06,,0.0,,0.0,34.0,1.404
한국동서발전㈜,울산발전본부,8,2023-06,,0.0,,0.0,34.0,2.204
한국동서발전㈜,울산발전본부,9,2023-06,,0.0,,0.0,34.0,4.919
한국동서발전㈜,울산발전본부,10,2023-06,,0.0,,0.0,34.0,4.648
한국동서발전㈜,울산발전본부,11,2023-06,,0.0,,0.0,34.0,6.294
한국동서발전㈜,울산발전본부,12,2023-06,,0.0,,0.0,34.0,7.352
한국동서발전㈜,울산발전본부,13,2023-06,,0.0,,0.0,21.0,10.142
한국동서발전㈜,울산발전본부,14,2023-06,,0.0,,0.0,21.0,12.069
한국동서발전㈜,동해바이오발전본부,1,2023-06,120.0,79.55996,12.0,1.04441,80.0,26.434773
한국동서발전㈜,동해바이오발전본부,2,2023-06,120.0,0.0,12.0,0.0,80.0,0.0
한국동서발전㈜,일산발전본부,1,2023-06,,0.0,,0.0,40.0,1.013
한국동서발전㈜,일산발전본부,2,2023-06,,0.0,,0.0,40.0,0.988
한국동서발전㈜,일산발전본부,3,2023-06,,0.0,,0.0,40.0,2.539
한국동서발전㈜,일산발전본부,4,2023-06,,0.0,,0.0,40.0,2.608
한국동서발전㈜,일산발전본부,5,2023-06,,0.0,,0.0,40.0,0.875
한국동서발전㈜,일산발전본부,6,2023-06,,0.0,,0.0,40.0,0.877
한국동서발전㈜,당진발전본부,1,2023-07,25.0,13.065,5.0,1.785,15.0,5.235
한국동서발전㈜,당진발전본부,2,2023-07,48.0,15.597,11.0,1.225,56.0,11.27
한국동서발전㈜,당진발전본부,3,2023-07,25.0,0.0,5.0,0.0,15.0,0.0
한국동서발전㈜,당진발전본부,4,2023-07,25.0,4.694,5.0,2.549,15.0,4.183
한국동서발전㈜,당진발전본부,5,2023-07,48.0,23.571,11.0,1.886,56.0,18.498
한국동서발전㈜,당진발전본부,6,2023-07,48.0,26.729,11.0,1.774,56.0,20.674
한국동서발전㈜,당진발전본부,7,2023-07,48.0,22.425,11.0,0.87,56.0,15.276
한국동서발전㈜,당진발전본부,8,2023-07,48.0,29.908,11.0,0.638,56.0,13.215
한국동서발전㈜,당진발전본부,9,2023-07,40.0,65.849,9.0,2.037,40.0,51.783
한국동서발전㈜,당진발전본부,10,2023-07,40.0,61.777,9.0,1.308,40.0,54.464
한국동서발전㈜,울산발전본부,7,2023-07,,0.0,,0.0,34.0,0.0
한국동서발전㈜,울산발전본부,8,2023-07,,0.0,,0.0,34.0,0.0
한국동서발전㈜,울산발전본부,9,2023-07,,0.0,,0.0,34.0,1.972
한국동서발전㈜,울산발전본부,10,2023-07,,0.0,,0.0,34.0,2.223
한국동서발전㈜,울산발전본부,11,2023-07,,0.0,,0.0,34.0,3.398
한국동서발전㈜,울산발전본부,12,2023-07,,0.0,,0.0,34.0,4.436
한국동서발전㈜,울산발전본부,13,2023-07,,0.0,,0.0,21.0,10.169
한국동서발전㈜,울산발전본부,14,2023-07,,0.0,,0.0,21.0,11.602
한국동서발전㈜,동해바이오발전본부,1,2023-07,120.0,84.515652,12.0,1.124448,80.0,28.004153
한국동서발전㈜,동해바이오발전본부,2,2023-07,120.0,0.0,12.0,0.0,80.0,0.0
한국동서발전㈜,일산발전본부,1,2023-07,,0.0,,0.0,40.0,0.282
한국동서발전㈜,일산발전본부,2,2023-07,,0.0,,0.0,40.0,0.152
한국동서발전㈜,일산발전본부,3,2023-07,,0.0,,0.0,40.0,0.175
한국동서발전㈜,일산발전본부,4,2023-07,,0.0,,0.0,40.0,0.49
한국동서발전㈜,일산발전본부,5,2023-07,,0.0,,0.0,40.0,0.859
한국동서발전㈜,일산발전본부,6,2023-07,,0.0,,0.0,40.0,0.796
한국동서발전㈜,당진발전본부,1,2023-08,25.0,10.391,5.0,1.611,15.0,6.3
한국동서발전㈜,당진발전본부,2,2023-08,48.0,36.847,11.0,3.253,56.0,24.322
한국동서발전㈜,당진발전본부,3,2023-08,25.0,7.76,5.0,0.315,15.0,3.53
한국동서발전㈜,당진발전본부,4,2023-08,25.0,1.853,5.0,2.258,15.0,4.045
한국동서발전㈜,당진발전본부,5,2023-08,48.0,25.18,11.0,1.824,56.0,20.013
한국동서발전㈜,당진발전본부,6,2023-08,48.0,26.881,11.0,2.203,56.0,21.18
한국동서발전㈜,당진발전본부,7,2023-08,48.0,24.479,11.0,0.896,56.0,15.392
한국동서발전㈜,당진발전본부,8,2023-08,48.0,45.244,11.0,0.892,56.0,16.84
한국동서발전㈜,당진발전본부,9,2023-08,40.0,53.501,9.0,1.37,40.0,50.388
한국동서발전㈜,당진발전본부,10,2023-08,40.0,53.762,9.0,1.219,40.0,53.282
한국동서발전㈜,울산발전본부,7,2023-08,,0.0,,0.0,34.0,0.319
한국동서발전㈜,울산발전본부,8,2023-08,,0.0,,0.0,34.0,0.57
한국동서발전㈜,울산발전본부,9,2023-08,,0.0,,0.0,34.0,2.843
한국동서발전㈜,울산발전본부,10,2023-08,,0.0,,0.0,34.0,2.453
한국동서발전㈜,울산발전본부,11,2023-08,,0.0,,0.0,34.0,2.817
한국동서발전㈜,울산발전본부,12,2023-08,,0.0,,0.0,34.0,4.095
한국동서발전㈜,울산발전본부,13,2023-08,,0.0,,0.0,21.0,12.642
한국동서발전㈜,울산발전본부,14,2023-08,,0.0,,0.0,21.0,11.149
한국동서발전㈜,동해바이오발전본부,1,2023-08,120.0,73.619412,12.0,0.933621,80.0,23.879298
한국동서발전㈜,동해바이오발전본부,2,2023-08,120.0,65.390019,12.0,2.11227,80.0,21.251397
한국동서발전㈜,일산발전본부,1,2023-08,,0.0,,0.0,40.0,0.771
한국동서발전㈜,일산발전본부,2,2023-08,,0.0,,0.0,40.0,0.866
한국동서발전㈜,일산발전본부,3,2023-08,,0.0,,0.0,40.0,0.627
한국동서발전㈜,일산발전본부,4,2023-08,,0.0,,0.0,40.0,1.028
한국동서발전㈜,일산발전본부,5,2023-08,,0.0,,0.0,40.0,1.538
한국동서발전㈜,일산발전본부,6,2023-08,,0.0,,0.0,40.0,1.501
한국동서발전㈜,당진발전본부,1,2023-09,25.0,4.742,5.0,0.746,15.0,2.762
한국동서발전㈜,당진발전본부,2,2023-09,48.0,26.967,11.0,2.991,56.0,17.92
한국동서발전㈜,당진발전본부,3,2023-09,25.0,4.541,5.0,0.584,15.0,1.577
한국동서발전㈜,당진발전본부,4,2023-09,25.0,5.089,5.0,2.029,15.0,5.669
한국동서발전㈜,당진발전본부,5,2023-09,48.0,24.291,11.0,1.617,56.0,17.191
한국동서발전㈜,당진발전본부,6,2023-09,48.0,15.977,11.0,0.975,56.0,13.119
한국동서발전㈜,당진발전본부,7,2023-09,48.0,30.242,11.0,1.042,56.0,17.12
한국동서발전㈜,당진발전본부,8,2023-09,48.0,27.598,11.0,0.637,56.0,12.391
한국동서발전㈜,당진발전본부,9,2023-09,40.0,51.842,9.0,1.35,40.0,39.292
한국동서발전㈜,당진발전본부,10,2023-09,40.0,71.838,9.0,1.202,40.0,57.205
한국동서발전㈜,울산발전본부,7,2023-09,,0.0,,0.0,34.0,0.157
한국동서발전㈜,울산발전본부,8,2023-09,,0.0,,0.0,34.0,0.412
한국동서발전㈜,울산발전본부,9,2023-09,,0.0,,0.0,34.0,1.605
한국동서발전㈜,울산발전본부,10,2023-09,,0.0,,0.0,34.0,2.097
한국동서발전㈜,울산발전본부,11,2023-09,,0.0,,0.0,34.0,7.429
한국동서발전㈜,울산발전본부,12,2023-09,,0.0,,0.0,34.0,3.441
한국동서발전㈜,울산발전본부,13,2023-09,,0.0,,0.0,21.0,3.307
한국동서발전㈜,울산발전본부,14,2023-09,,0.0,,0.0,21.0,11.832
한국동서발전㈜,동해바이오발전본부,1,2023-09,120.0,63.268832,12.0,0.857116,80.0,25.938826
한국동서발전㈜,동해바이오발전본부,2,2023-09,120.0,71.299757,12.0,2.794085,80.0,27.207067
한국동서발전㈜,일산발전본부,1,2023-09,,0.0,,0.0,40.0,1.557
한국동서발전㈜,일산발전본부,2,2023-09,,0.0,,0.0,40.0,1.914
한국동서발전㈜,일산발전본부,3,2023-09,,0.0,,0.0,40.0,1.467
한국동서발전㈜,일산발전본부,4,2023-09,,0.0,,0.0,40.0,1.638
한국동서발전㈜,일산발전본부,5,2023-09,,0.0,,0.0,40.0,3.715
한국동서발전㈜,일산발전본부,6,2023-09,,0.0,,0.0,40.0,6.707
한국동서발전㈜,당진발전본부,1,2023-10,25.0,7.755,5.0,1.244,15.0,5.915
한국동서발전㈜,당진발전본부,2,2023-10,48.0,24.383,11.0,1.829,56.0,15.192
한국동서발전㈜,당진발전본부,3,2023-10,25.0,0.0,5.0,0.0,15.0,0.0
한국동서발전㈜,당진발전본부,4,2023-10,25.0,2.641,5.0,0.495,15.0,2.815
한국동서발전㈜,당진발전본부,5,2023-10,48.0,23.452,11.0,1.683,56.0,26.041
한국동서발전㈜,당진발전본부,6,2023-10,48.0,13.971,11.0,0.713,56.0,17.261
한국동서발전㈜,당진발전본부,7,2023-10,48.0,15.621,11.0,0.691,56.0,10.562
한국동서발전㈜,당진발전본부,8,2023-10,48.0,2.665,11.0,0.027,56.0,1.738
한국동서발전㈜,당진발전본부,9,2023-10,40.0,42.65,9.0,2.464,40.0,42.297
한국동서발전㈜,당진발전본부,10,2023-10,40.0,56.608,9.0,1.313,40.0,51.719
한국동서발전㈜,울산발전본부,7,2023-10,,0.0,,0.0,34.0,2.686
한국동서발전㈜,울산발전본부,8,2023-10,,0.0,,0.0,34.0,3.449
한국동서발전㈜,울산발전본부,9,2023-10,,0.0,,0.0,34.0,9.439
한국동서발전㈜,울산발전본부,10,2023-10,,0.0,,0.0,34.0,6.986
한국동서발전㈜,울산발전본부,11,2023-10,,0.0,,0.0,34.0,20.174
한국동서발전㈜,울산발전본부,12,2023-10,,0.0,,0.0,34.0,8.677
한국동서발전㈜,울산발전본부,13,2023-10,,0.0,,0.0,21.0,0.0
한국동서발전㈜,울산발전본부,14,2023-10,,0.0,,0.0,21.0,6.331
한국동서발전㈜,동해바이오발전본부,1,2023-10,120.0,31.606193,12.0,0.409745,80.0,10.847611
한국동서발전㈜,동해바이오발전본부,2,2023-10,120.0,46.982337,12.0,0.701643,80.0,16.626297
한국동서발전㈜,일산발전본부,1,2023-10,,0.0,,0.0,40.0,2.541
한국동서발전㈜,일산발전본부,2,2023-10,,0.0,,0.0,40.0,4.888
한국동서발전㈜,일산발전본부,3,2023-10,,0.0,,0.0,40.0,3.459
한국동서발전㈜,일산발전본부,4,2023-10,,0.0,,0.0,40.0,3.904
한국동서발전㈜,일산발전본부,5,2023-10,,0.0,,0.0,40.0,2.574
한국동서발전㈜,일산발전본부,6,2023-10,,0.0,,0.0,40.0,3.122
한국동서발전㈜,당진발전본부,1,2023-11,25.0,0.122,5.0,0.105,15.0,0.817
한국동서발전㈜,당진발전본부,2,2023-11,48.0,41.012,11.0,2.304,56.0,23.232
한국동서발전㈜,당진발전본부,3,2023-11,25.0,0.0,5.0,0.0,15.0,0.0
한국동서발전㈜,당진발전본부,4,2023-11,25.0,4.802,5.0,0.87,15.0,4.673
한국동서발전㈜,당진발전본부,5,2023-11,48.0,24.0,11.0,1.252,56.0,24.593
한국동서발전㈜,당진발전본부,6,2023-11,48.0,8.015,11.0,0.384,56.0,8.387
한국동서발전㈜,당진발전본부,7,2023-11,48.0,2.116,11.0,0.028,56.0,2.785
한국동서발전㈜,당진발전본부,8,2023-11,48.0,0.009,11.0,0.007,56.0,0.306
한국동서발전㈜,당진발전본부,9,2023-11,40.0,33.482,9.0,1.18,40.0,32.004
한국동서발전㈜,당진발전본부,10,2023-11,40.0,40.393,9.0,1.409,40.0,42.606
한국동서발전㈜,울산발전본부,7,2023-11,,0.0,,0.0,34.0,1.073
한국동서발전㈜,울산발전본부,8,2023-11,,0.0,,0.0,34.0,1.175
한국동서발전㈜,울산발전본부,9,2023-11,,0.0,,0.0,34.0,3.374
한국동서발전㈜,울산발전본부,10,2023-11,,0.0,,0.0,34.0,3.128
한국동서발전㈜,울산발전본부,11,2023-11,,0.0,,0.0,34.0,7.254
한국동서발전㈜,울산발전본부,12,2023-11,,0.0,,0.0,34.0,16.575
한국동서발전㈜,울산발전본부,13,2023-11,,0.0,,0.0,21.0,0.0
한국동서발전㈜,울산발전본부,14,2023-11,,0.0,,0.0,21.0,0.0
한국동서발전㈜,동해바이오발전본부,1,2023-11,120.0,0.0,12.0,0.0,80.0,0.0
한국동서발전㈜,동해바이오발전본부,2,2023-11,120.0,43.442558,12.0,0.959837,80.0,15.291247
한국동서발전㈜,일산발전본부,1,2023-11,,0.0,,0.0,40.0,4.019
한국동서발전㈜,일산발전본부,2,2023-11,,0.0,,0.0,40.0,4.201
한국동서발전㈜,일산발전본부,3,2023-11,,0.0,,0.0,40.0,2.251
한국동서발전㈜,일산발전본부,4,2023-11,,0.0,,0.0,40.0,3.602
한국동서발전㈜,일산발전본부,5,2023-11,,0.0,,0.0,40.0,8.203
한국동서발전㈜,일산발전본부,6,2023-11,,0.0,,0.0,40.0,7.972
한국동서발전㈜,당진발전본부,1,2023-12,25.0,11.211,5.0,2.084,15.0,8.252
한국동서발전㈜,당진발전본부,2,2023-12,48.0,0.0,11.0,0.0,56.0,0.0
한국동서발전㈜,당진발전본부,3,2023-12,25.0,0.0,5.0,0.0,15.0,0.0
한국동서발전㈜,당진발전본부,4,2023-12,25.0,7.966,5.0,0.844,15.0,6.038
한국동서발전㈜,당진발전본부,5,2023-12,48.0,30.183,11.0,1.722,56.0,24.81
한국동서발전㈜,당진발전본부,6,2023-12,48.0,34.225,11.0,2.107,56.0,26.375
한국동서발전㈜,당진발전본부,7,2023-12,48.0,0.0,11.0,0.0,56.0,0.0
한국동서발전㈜,당진발전본부,8,2023-12,48.0,18.96,11.0,0.737,56.0,14.333
한국동서발전㈜,당진발전본부,9,2023-12,40.0,54.25,9.0,1.302,40.0,45.471
한국동서발전㈜,당진발전본부,10,2023-12,40.0,66.073,9.0,2.169,40.0,59.889
한국동서발전㈜,울산발전본부,7,2023-12,,0.0,,0.0,34.0,0.164
한국동서발전㈜,울산발전본부,8,2023-12,,0.0,,0.0,34.0,0.227
한국동서발전㈜,울산발전본부,9,2023-12,,0.0,,0.0,34.0,0.875
한국동서발전㈜,울산발전본부,10,2023-12,,0.0,,0.0,34.0,0.952
한국동서발전㈜,울산발전본부,11,2023-12,,0.0,,0.0,34.0,14.088
한국동서발전㈜,울산발전본부,12,2023-12,,0.0,,0.0,34.0,7.86
한국동서발전㈜,울산발전본부,13,2023-12,,0.0,,0.0,21.0,5.441
한국동서발전㈜,울산발전본부,14,2023-12,,0.0,,0.0,21.0,6.038
한국동서발전㈜,동해바이오발전본부,1,2023-12,120.0,0.0,12.0,0.0,80.0,0.0
한국동서발전㈜,동해바이오발전본부,2,2023-12,120.0,76.989125,12.0,1.764752,80.0,32.500771
한국동서발전㈜,일산발전본부,1,2023-12,,0.0,,0.0,40.0,6.246
한국동서발전㈜,일산발전본부,2,2023-12,,0.0,,0.0,40.0,15.596
한국동서발전㈜,일산발전본부,3,2023-12,,0.0,,0.0,40.0,16.031
한국동서발전㈜,일산발전본부,4,2023-12,,0.0,,0.0,40.0,12.323
한국동서발전㈜,일산발전본부,5,2023-12,,0.0,,0.0,40.0,1.365
한국동서발전㈜,일산발전본부,6,2023-12,,0.0,,0.0,40.0,1.387
한국동서발전㈜,당진발전본부,1,2024-01,25.0,4.6,5.0,3.6,15.0,1.4
한국동서발전㈜,당진발전본부,2,2024-01,48.0,0.0,11.0,0.0,56.0,0.0
한국동서발전㈜,당진발전본부,3,2024-01,25.0,0.0,5.0,0.0,15.0,0.0
한국동서발전㈜,당진발전본부,4,2024-01,25.0,4.4,5.0,4.0,15.0,0.4
한국동서발전㈜,당진발전본부,5,2024-01,48.0,7.5,11.0,8.3,56.0,0.7
한국동서발전㈜,당진발전본부,6,2024-01,48.0,17.6,11.0,20.0,56.0,1.3
한국동서발전㈜,당진발전본부,7,2024-01,48.0,11.7,11.0,16.1,56.0,0.4
한국동서발전㈜,당진발전본부,8,2024-01,48.0,11.8,11.0,11.6,56.0,0.2
한국동서발전㈜,당진발전본부,9,2024-01,40.0,33.2,9.0,37.7,40.0,0.9
한국동서발전㈜,당진발전본부,10,2024-01,40.0,27.9,9.0,26.2,40.0,0.9
한국동서발전㈜,울산발전본부,7,2024-01,,0.0,,0.0,34.0,0.9
한국동서발전㈜,울산발전본부,8,2024-01,,0.0,,0.0,34.0,1.4
한국동서발전㈜,울산발전본부,9,2024-01,,0.0,,0.0,34.0,0.0
한국동서발전㈜,울산발전본부,10,2024-01,,0.0,,0.0,34.0,0.0
한국동서발전㈜,울산발전본부,11,2024-01,,0.0,,0.0,34.0,0.0
한국동서발전㈜,울산발전본부,12,2024-01,,0.0,,0.0,34.0,0.0
한국동서발전㈜,울산발전본부,13,2024-01,,0.0,,0.0,21.0,0.0
한국동서발전㈜,울산발전본부,14,2024-01,,0.0,,0.0,21.0,0.0
한국동서발전㈜,동해바이오발전본부,1,2024-01,120.0,0.0,12.0,0.0,80.0,0.0
한국동서발전㈜,동해바이오발전본부,2,2024-01,120.0,0.0,12.0,0.0,80.0,0.0
한국동서발전㈜,일산발전본부,1,2024-01,,0.0,,0.0,40.0,0.0
한국동서발전㈜,일산발전본부,2,2024-01,,0.0,,0.0,40.0,0.0
한국동서발전㈜,일산발전본부,3,2024-01,,0.0,,0.0,40.0,0.0
한국동서발전㈜,일산발전본부,4,2024-01,,0.0,,0.0,40.0,0.0
한국동서발전㈜,일산발전본부,5,2024-01,,0.0,,0.0,40.0,0.0
한국동서발전㈜,일산발전본부,6,2024-01,,0.0,,0.0,40.0,0.0
한국동서발전㈜,당진발전본부,1,2024-02,25.0,6.1,5.0,6.6,15.0,0.9
한국동서발전㈜,당진발전본부,2,2024-02,48.0,0.0,11.0,0.0,56.0,0.0
한국동서발전㈜,당진발전본부,3,2024-02,25.0,0.0,5.0,0.0,15.0,0.0
한국동서발전㈜,당진발전본부,4,2024-02,25.0,4.0,5.0,7.6,15.0,0.4
한국동서발전㈜,당진발전본부,5,2024-02,48.0,13.3,11.0,16.9,56.0,1.3
한국동서발전㈜,당진발전본부,6,2024-02,48.0,17.9,11.0,20.6,56.0,1.9
한국동서발전㈜,당진발전본부,7,2024-02,48.0,12.5,11.0,18.6,56.0,0.6
한국동서발전㈜,당진발전본부,8,2024-02,48.0,13.5,11.0,16.9,56.0,0.4
한국동서발전㈜,당진발전본부,9,2024-02,40.0,22.8,9.0,27.5,40.0,0.9
한국동서발전㈜,당진발전본부,10,2024-02,40.0,32.1,9.0,32.9,40.0,1.1
한국동서발전㈜,울산발전본부,7,2024-02,,0.0,,0.0,34.0,0.2
한국동서발전㈜,울산발전본부,8,2024-02,,0.0,,0.0,34.0,1.2
한국동서발전㈜,울산발전본부,9,2024-02,,0.0,,0.0,34.0,0.0
한국동서발전㈜,울산발전본부,10,2024-02,,0.0,,0.0,34.0,0.0
한국동서발전㈜,울산발전본부,11,2024-02,,0.0,,0.0,34.0,0.0
한국동서발전㈜,울산발전본부,12,2024-02,,0.0,,0.0,34.0,0.0
한국동서발전㈜,울산발전본부,13,2024-02,,0.0,,0.0,21.0,0.0
한국동서발전㈜,울산발전본부,14,2024-02,,0.0,,0.0,21.0,0.0
한국동서발전㈜,동해바이오발전본부,1,2024-02,120.0,0.0,12.0,0.0,80.0,0.0
한국동서발전㈜,동해바이오발전본부,2,2024-02,120.0,0.0,12.0,0.0,80.0,0.0
한국동서발전㈜,일산발전본부,1,2024-02,,0.0,,0.0,40.0,0.0
한국동서발전㈜,일산발전본부,2,2024-02,,0.0,,0.0,40.0,0.0
한국동서발전㈜,일산발전본부,3,2024-02,,0.0,,0.0,40.0,0.0
한국동서발전㈜,일산발전본부,4,2024-02,,0.0,,0.0,40.0,0.0
한국동서발전㈜,일산발전본부,5,2024-02,,0.0,,0.0,40.0,0.0
한국동서발전㈜,일산발전본부,6,2024-02,,0.0,,0.0,40.0,0.0
한국동서발전㈜,당진발전본부,1,2024-03,25.0,1.7,5.0,1.3,15.0,0.2
한국동서발전㈜,당진발전본부,2,2024-03,48.0,0.0,11.0,0.0,56.0,0.0
한국동서발전㈜,당진발전본부,3,2024-03,25.0,0.0,5.0,0.0,15.0,0.0
한국동서발전㈜,당진발전본부,4,2024-03,25.0,5.4,5.0,6.8,15.0,0.4
한국동서발전㈜,당진발전본부,5,2024-03,48.0,18.5,11.0,13.9,56.0,1.4
한국동서발전㈜,당진발전본부,6,2024-03,48.0,26.7,11.0,20.7,56.0,1.9
한국동서발전㈜,당진발전본부,7,2024-03,48.0,15.1,11.0,16.4,56.0,0.7
한국동서발전㈜,당진발전본부,8,2024-03,48.0,16.3,11.0,21.2,56.0,0.4
한국동서발전㈜,당진발전본부,9,2024-03,40.0,0.0,9.0,0.0,40.0,0.0
한국동서발전㈜,당진발전본부,10,2024-03,40.0,37.6,9.0,48.7,40.0,1.5
한국동서발전㈜,울산발전본부,7,2024-03,,0.0,,0.0,34.0,1.0
한국동서발전㈜,울산발전본부,8,2024-03,,0.0,,0.0,34.0,0.3
한국동서발전㈜,울산발전본부,9,2024-03,,0.0,,0.0,34.0,0.0
한국동서발전㈜,울산발전본부,10,2024-03,,0.0,,0.0,34.0,0.0
한국동서발전㈜,울산발전본부,11,2024-03,,0.0,,0.0,34.0,0.0
한국동서발전㈜,울산발전본부,12,2024-03,,0.0,,0.0,34.0,0.0
한국동서발전㈜,울산발전본부,13,2024-03,,0.0,,0.0,21.0,0.0
한국동서발전㈜,울산발전본부,14,2024-03,,0.0,,0.0,21.0,0.0
한국동서발전㈜,동해바이오발전본부,1,2024-03,120.0,0.0,12.0,0.0,80.0,0.0
한국동서발전㈜,동해바이오발전본부,2,2024-03,120.0,0.0,12.0,0.0,80.0,0.0
한국동서발전㈜,일산발전본부,1,2024-03,,0.0,,0.0,40.0,0.0
한국동서발전㈜,일산발전본부,2,2024-03,,0.0,,0.0,40.0,0.0
한국동서발전㈜,일산발전본부,3,2024-03,,0.0,,0.0,40.0,0.0
한국동서발전㈜,일산발전본부,4,2024-03,,0.0,,0.0,40.0,0.0
한국동서발전㈜,일산발전본부,5,2024-03,,0.0,,0.0,40.0,0.0
한국동서발전㈜,일산발전본부,6,2024-03,,0.0,,0.0,40.0,0.0
한국동서발전㈜,당진발전본부,1,2024-04,25.0,5.1,5.0,3.9,15.0,0.5
한국동서발전㈜,당진발전본부,2,2024-04,48.0,0.0,11.0,0.0,56.0,0.0
한국동서발전㈜,당진발전본부,3,2024-04,25.0,0.0,5.0,0.0,15.0,0.0
한국동서발전㈜,당진발전본부,4,2024-04,25.0,5.2,5.0,5.4,15.0,0.4
한국동서발전㈜,당진발전본부,5,2024-04,48.0,10.5,11.0,9.2,56.0,0.8
한국동서발전㈜,당진발전본부,6,2024-04,48.0,21.3,11.0,17.9,56.0,1.3
한국동서발전㈜,당진발전본부,7,2024-04,48.0,13.2,11.0,16.8,56.0,0.7
한국동서발전㈜,당진발전본부,8,2024-04,48.0,12.6,11.0,18.9,56.0,0.6
한국동서발전㈜,당진발전본부,9,2024-04,40.0,0.0,9.0,0.0,40.0,0.0
한국동서발전㈜,당진발전본부,10,2024-04,40.0,26.4,9.0,31.0,40.0,0.9
한국동서발전㈜,울산발전본부,7,2024-04,,0.0,,0.0,34.0,0.7
한국동서발전㈜,울산발전본부,8,2024-04,,0.0,,0.0,34.0,0.3
한국동서발전㈜,울산발전본부,9,2024-04,,0.0,,0.0,34.0,0.0
한국동서발전㈜,울산발전본부,10,2024-04,,0.0,,0.0,34.0,0.0
한국동서발전㈜,울산발전본부,11,2024-04,,0.0,,0.0,34.0,0.0
한국동서발전㈜,울산발전본부,12,2024-04,,0.0,,0.0,34.0,0.0
한국동서발전㈜,울산발전본부,13,2024-04,,0.0,,0.0,21.0,0.0
한국동서발전㈜,울산발전본부,14,2024-04,,0.0,,0.0,21.0,0.0
한국동서발전㈜,동해바이오발전본부,1,2024-04,120.0,0.0,12.0,0.0,80.0,0.0
한국동서발전㈜,동해바이오발전본부,2,2024-04,120.0,0.0,12.0,0.0,80.0,0.0
한국동서발전㈜,일산발전본부,1,2024-04,,0.0,,0.0,40.0,0.0
한국동서발전㈜,일산발전본부,2,2024-04,,0.0,,0.0,40.0,0.0
한국동서발전㈜,일산발전본부,3,2024-04,,0.0,,0.0,40.0,0.0
한국동서발전㈜,일산발전본부,4,2024-04,,0.0,,0.0,40.0,0.0
한국동서발전㈜,일산발전본부,5,2024-04,,0.0,,0.0,40.0,0.0
한국동서발전㈜,일산발전본부,6,2024-04,,0.0,,0.0,40.0,0.0
한국동서발전㈜,당진발전본부,1,2024-05,25.0,7.5,5.0,7.0,15.0,0.7
한국동서발전㈜,당진발전본부,2,2024-05,48.0,0.0,11.0,0.0,56.0,0.0
한국동서발전㈜,당진발전본부,3,2024-05,25.0,0.0,5.0,0.0,15.0,0.0
한국동서발전㈜,당진발전본부,4,2024-05,25.0,0.0,5.0,0.0,15.0,0.1
한국동서발전㈜,당진발전본부,5,2024-05,48.0,0.0,11.0,0.1,56.0,0.1
한국동서발전㈜,당진발전본부,6,2024-05,48.0,3.9,11.0,3.4,56.0,0.2
한국동서발전㈜,당진발전본부,7,2024-05,48.0,16.3,11.0,24.7,56.0,0.9
한국동서발전㈜,당진발전본부,8,2024-05,48.0,11.2,11.0,14.5,56.0,0.5
한국동서발전㈜,당진발전본부,9,2024-05,40.0,0.0,9.0,0.0,40.0,0.0
한국동서발전㈜,당진발전본부,10,2024-05,40.0,39.6,9.0,53.8,40.0,0.9
한국동서발전㈜,울산발전본부,7,2024-05,,0.0,,0.0,34.0,0.6
한국동서발전㈜,울산발전본부,8,2024-05,,0.0,,0.0,34.0,1.1
한국동서발전㈜,울산발전본부,9,2024-05,,0.0,,0.0,34.0,0.0
한국동서발전㈜,울산발전본부,10,2024-05,,0.0,,0.0,34.0,0.0
한국동서발전㈜,울산발전본부,11,2024-05,,0.0,,0.0,34.0,0.0
한국동서발전㈜,울산발전본부,12,2024-05,,0.0,,0.0,34.0,0.0
한국동서발전㈜,울산발전본부,13,2024-05,,0.0,,0.0,21.0,0.0
한국동서발전㈜,울산발전본부,14,2024-05,,0.0,,0.0,21.0,0.0
한국동서발전㈜,동해바이오발전본부,1,2024-05,120.0,0.0,12.0,0.0,80.0,0.0
한국동서발전㈜,동해바이오발전본부,2,2024-05,120.0,0.0,12.0,0.0,80.0,0.0
한국동서발전㈜,일산발전본부,1,2024-05,,0.0,,0.0,40.0,0.0
한국동서발전㈜,일산발전본부,2,2024-05,,0.0,,0.0,40.0,0.0
한국동서발전㈜,일산발전본부,3,2024-05,,0.0,,0.0,40.0,0.0
한국동서발전㈜,일산발전본부,4,2024-05,,0.0,,0.0,40.0,0.0
한국동서발전㈜,일산발전본부,5,2024-05,,0.0,,0.0,40.0,0.0
한국동서발전㈜,일산발전본부,6,2024-05,,0.0,,0.0,40.0,0.0
한국동서발전㈜,당진발전본부,1,2024-06,25.0,7.5,5.0,8.2,15.0,0.7
한국동서발전㈜,당진발전본부,2,2024-06,48.0,0.0,11.0,0.0,56.0,0.0
한국동서발전㈜,당진발전본부,3,2024-06,25.0,0.0,5.0,0.0,15.0,0.0
한국동서발전㈜,당진발전본부,4,2024-06,25.0,4.7,5.0,4.7,15.0,0.3
한국동서발전㈜,당진발전본부,5,2024-06,48.0,4.5,11.0,3.3,56.0,0.5
한국동서발전㈜,당진발전본부,6,2024-06,48.0,15.8,11.0,20.9,56.0,1.2
한국동서발전㈜,당진발전본부,7,2024-06,48.0,7.9,11.0,12.8,56.0,0.4
한국동서발전㈜,당진발전본부,8,2024-06,48.0,8.7,11.0,14.4,56.0,0.4
한국동서발전㈜,당진발전본부,9,2024-06,40.0,17.1,9.0,25.1,40.0,0.6
한국동서발전㈜,당진발전본부,10,2024-06,40.0,42.9,9.0,58.4,40.0,0.5
한국동서발전㈜,울산발전본부,7,2024-06,,0.0,,0.0,34.0,0.1
한국동서발전㈜,울산발전본부,8,2024-06,,0.0,,0.0,34.0,0.1
한국동서발전㈜,울산발전본부,9,2024-06,,0.0,,0.0,34.0,0.0
한국동서발전㈜,울산발전본부,10,2024-06,,0.0,,0.0,34.0,0.0
한국동서발전㈜,울산발전본부,11,2024-06,,0.0,,0.0,34.0,0.0
한국동서발전㈜,울산발전본부,12,2024-06,,0.0,,0.0,34.0,0.0
한국동서발전㈜,울산발전본부,13,2024-06,,0.0,,0.0,21.0,0.0
한국동서발전㈜,울산발전본부,14,2024-06,,0.0,,0.0,21.0,0.0
한국동서발전㈜,동해바이오발전본부,1,2024-06,120.0,0.0,12.0,0.0,80.0,0.0
한국동서발전㈜,동해바이오발전본부,2,2024-06,120.0,0.0,12.0,0.0,80.0,0.0
한국동서발전㈜,일산발전본부,1,2024-06,,0.0,,0.0,40.0,0.0
한국동서발전㈜,일산발전본부,2,2024-06,,0.0,,0.0,40.0,0.0
한국동서발전㈜,일산발전본부,3,2024-06,,0.0,,0.0,40.0,0.0
한국동서발전㈜,일산발전본부,4,2024-06,,0.0,,0.0,40.0,0.0
한국동서발전㈜,일산발전본부,5,2024-06,,0.0,,0.0,40.0,0.0
한국동서발전㈜,일산발전본부,6,2024-06,,0.0,,0.0,40.0,0.0
한국동서발전㈜,당진발전본부,1,2024-07,25.0,8.0,5.0,9.4,15.0,1.0
한국동서발전㈜,당진발전본부,2,2024-07,48.0,0.0,11.0,0.0,56.0,0.0
한국동서발전㈜,당진발전본부,3,2024-07,25.0,0.0,5.0,0.0,15.0,0.0
한국동서발전㈜,당진발전본부,4,2024-07,25.0,5.3,5.0,5.5,15.0,0.6
한국동서발전㈜,당진발전본부,5,2024-07,48.0,17.2,11.0,12.7,56.0,1.6
한국동서발전㈜,당진발전본부,6,2024-07,48.0,18.5,11.0,21.7,56.0,1.2
한국동서발전㈜,당진발전본부,7,2024-07,48.0,11.6,11.0,18.7,56.0,0.7
한국동서발전㈜,당진발전본부,8,2024-07,48.0,10.7,11.0,18.7,56.0,0.5
한국동서발전㈜,당진발전본부,9,2024-07,40.0,34.9,9.0,37.0,40.0,1.3
한국동서발전㈜,당진발전본부,10,2024-07,40.0,40.4,9.0,37.7,40.0,0.4
한국동서발전㈜,울산발전본부,7,2024-07,,0.0,,0.0,34.0,0.5
한국동서발전㈜,울산발전본부,8,2024-07,,0.0,,0.0,34.0,1.2
한국동서발전㈜,울산발전본부,9,2024-07,,0.0,,0.0,34.0,0.0
한국동서발전㈜,울산발전본부,10,2024-07,,0.0,,0.0,34.0,0.0
한국동서발전㈜,울산발전본부,11,2024-07,,0.0,,0.0,34.0,0.0
한국동서발전㈜,울산발전본부,12,2024-07,,0.0,,0.0,34.0,0.0
한국동서발전㈜,울산발전본부,13,2024-07,,0.0,,0.0,21.0,0.0
한국동서발전㈜,울산발전본부,14,2024-07,,0.0,,0.0,21.0,0.0
한국동서발전㈜,동해바이오발전본부,1,2024-07,120.0,0.0,12.0,0.0,80.0,0.0
한국동서발전㈜,동해바이오발전본부,2,2024-07,120.0,0.0,12.0,0.0,80.0,0.0
한국동서발전㈜,일산발전본부,1,2024-07,,0.0,,0.0,40.0,0.0
한국동서발전㈜,일산발전본부,2,2024-07,,0.0,,0.0,40.0,0.0
한국동서발전㈜,일산발전본부,3,2024-07,,0.0,,0.0,40.0,0.0
한국동서발전㈜,일산발전본부,4,2024-07,,0.0,,0.0,40.0,0.0
한국동서발전㈜,일산발전본부,5,2024-07,,0.0,,0.0,40.0,0.0
한국동서발전㈜,일산발전본부,6,2024-07,,0.0,,0.0,40.0,0.0
한국동서발전㈜,당진발전본부,1,2024-08,25.0,8.8,5.0,10.2,15.0,1.0
한국동서발전㈜,당진발전본부,2,2024-08,48.0,0.0,11.0,0.0,56.0,0.0
한국동서발전㈜,당진발전본부,3,2024-08,25.0,0.0,5.0,0.0,15.0,0.0
한국동서발전㈜,당진발전본부,4,2024-08,25.0,6.1,5.0,8.0,15.0,0.7
한국동서발전㈜,당진발전본부,5,2024-08,48.0,17.2,11.0,16.8,56.0,1.9
한국동서발전㈜,당진발전본부,6,2024-08,48.0,12.1,11.0,12.4,56.0,0.7
한국동서발전㈜,당진발전본부,7,2024-08,48.0,12.0,11.0,18.8,56.0,0.6
한국동서발전㈜,당진발전본부,8,2024-08,48.0,13.4,11.0,27.6,56.0,0.7
한국동서발전㈜,당진발전본부,9,2024-08,40.0,39.0,9.0,46.7,40.0,1.6
한국동서발전㈜,당진발전본부,10,2024-08,40.0,40.4,9.0,42.3,40.0,0.6
한국동서발전㈜,울산발전본부,7,2024-08,,0.0,,0.0,34.0,1.2
한국동서발전㈜,울산발전본부,8,2024-08,,0.0,,0.0,34.0,1.1
한국동서발전㈜,울산발전본부,9,2024-08,,0.0,,0.0,34.0,0.0
한국동서발전㈜,울산발전본부,10,2024-08,,0.0,,0.0,34.0,0.0
한국동서발전㈜,울산발전본부,11,2024-08,,0.0,,0.0,34.0,0.0
한국동서발전㈜,울산발전본부,12,2024-08,,0.0,,0.0,34.0,0.0
한국동서발전㈜,울산발전본부,13,2024-08,,0.0,,0.0,21.0,0.0
한국동서발전㈜,울산발전본부,14,2024-08,,0.0,,0.0,21.0,0.0
한국동서발전㈜,동해바이오발전본부,1,2024-08,120.0,0.0,12.0,0.0,80.0,0.0
한국동서발전㈜,동해바이오발전본부,2,2024-08,120.0,0.0,12.0,0.0,80.0,0.0
한국동서발전㈜,일산발전본부,1,2024-08,,0.0,,0.0,40.0,0.0
한국동서발전㈜,일산발전본부,2,2024-08,,0.0,,0.0,40.0,0.0
한국동서발전㈜,일산발전본부,3,2024-08,,0.0,,0.0,40.0,0.0
한국동서발전㈜,일산발전본부,4,2024-08,,0.0,,0.0,40.0,0.0
한국동서발전㈜,일산발전본부,5,2024-08,,0.0,,0.0,40.0,0.0
한국동서발전㈜,일산발전본부,6,2024-08,,0.0,,0.0,40.0,0.0
한국동서발전㈜,당진발전본부,1,2024-09,25.0,7.9,5.0,9.8,15.0,1.1
한국동서발전㈜,당진발전본부,2,2024-09,48.0,0.0,11.0,0.0,56.0,0.0
한국동서발전㈜,당진발전본부,3,2024-09,25.0,0.0,5.0,0.0,15.0,0.0
한국동서발전㈜,당진발전본부,4,2024-09,25.0,7.4,5.0,8.0,15.0,0.8
한국동서발전㈜,당진발전본부,5,2024-09,48.0,17.8,11.0,14.4,56.0,1.6
한국동서발전㈜,당진발전본부,6,2024-09,48.0,0.0,11.0,0.0,56.0,0.0
한국동서발전㈜,당진발전본부,7,2024-09,48.0,8.6,11.0,8.4,56.0,0.4
한국동서발전㈜,당진발전본부,8,2024-09,48.0,10.1,11.0,30.5,56.0,0.8
한국동서발전㈜,당진발전본부,9,2024-09,40.0,29.1,9.0,32.0,40.0,1.0
한국동서발전㈜,당진발전본부,10,2024-09,40.0,37.0,9.0,33.3,40.0,1.0
한국동서발전㈜,울산발전본부,7,2024-09,,0.0,,0.0,34.0,0.8
한국동서발전㈜,울산발전본부,8,2024-09,,0.0,,0.0,34.0,0.8
한국동서발전㈜,울산발전본부,9,2024-09,,0.0,,0.0,34.0,0.0
한국동서발전㈜,울산발전본부,10,2024-09,,0.0,,0.0,34.0,0.0
한국동서발전㈜,울산발전본부,11,2024-09,,0.0,,0.0,34.0,0.0
한국동서발전㈜,울산발전본부,12,2024-09,,0.0,,0.0,34.0,0.0
한국동서발전㈜,울산발전본부,13,2024-09,,0.0,,0.0,21.0,0.0
한국동서발전㈜,울산발전본부,14,2024-09,,0.0,,0.0,21.0,0.0
한국동서발전㈜,동해바이오발전본부,1,2024-09,120.0,0.0,12.0,0.0,80.0,0.0
한국동서발전㈜,동해바이오발전본부,2,2024-09,120.0,0.0,12.0,0.0,80.0,0.0
한국동서발전㈜,일산발전본부,1,2024-09,,0.0,,0.0,40.0,0.0
한국동서발전㈜,일산발전본부,2,2024-09,,0.0,,0.0,40.0,0.0
한국동서발전㈜,일산발전본부,3,2024-09,,0.0,,0.0,40.0,0.0
한국동서발전㈜,일산발전본부,4,2024-09,,0.0,,0.0,40.0,0.0
한국동서발전㈜,일산발전본부,5,2024-09,,0.0,,0.0,40.0,0.0
한국동서발전㈜,일산발전본부,6,2024-09,,0.0,,0.0,40.0,0.0
한국동서발전㈜,당진발전본부,1,2024-10,25.0,4.3,5.0,5.2,15.0,0.8
한국동서발전㈜,당진발전본부,2,2024-10,48.0,0.0,11.0,0.0,56.0,0.0
한국동서발전㈜,당진발전본부,3,2024-10,25.0,0.0,5.0,0.0,15.0,0.0
한국동서발전㈜,당진발전본부,4,2024-10,25.0,8.2,5.0,6.0,15.0,0.6
한국동서발전㈜,당진발전본부,5,2024-10,48.0,18.9,11.0,19.3,56.0,2.3
한국동서발전㈜,당진발전본부,6,2024-10,48.0,0.0,11.0,0.0,56.0,0.0
한국동서발전㈜,당진발전본부,7,2024-10,48.0,5.3,11.0,7.5,56.0,0.2
한국동서발전㈜,당진발전본부,8,2024-10,48.0,15.8,11.0,28.2,56.0,0.7
한국동서발전㈜,당진발전본부,9,2024-10,40.0,26.7,9.0,33.1,40.0,1.1
한국동서발전㈜,당진발전본부,10,2024-10,40.0,36.6,9.0,38.1,40.0,0.8
한국동서발전㈜,울산발전본부,7,2024-10,,0.0,,0.0,34.0,0.1
한국동서발전㈜,울산발전본부,8,2024-10,,0.0,,0.0,34.0,0.3
한국동서발전㈜,울산발전본부,9,2024-10,,0.0,,0.0,34.0,0.0
한국동서발전㈜,울산발전본부,10,2024-10,,0.0,,0.0,34.0,0.0
한국동서발전㈜,울산발전본부,11,2024-10,,0.0,,0.0,34.0,0.0
한국동서발전㈜,울산발전본부,12,2024-10,,0.0,,0.0,34.0,0.0
한국동서발전㈜,울산발전본부,13,2024-10,,0.0,,0.0,21.0,0.0
한국동서발전㈜,울산발전본부,14,2024-10,,0.0,,0.0,21.0,0.0
한국동서발전㈜,동해바이오발전본부,1,2024-10,120.0,0.0,12.0,0.0,80.0,0.0
한국동서발전㈜,동해바이오발전본부,2,2024-10,120.0,0.0,12.0,0.0,80.0,0.0
한국동서발전㈜,일산발전본부,1,2024-10,,0.0,,0.0,40.0,0.0
한국동서발전㈜,일산발전본부,2,2024-10,,0.0,,0.0,40.0,0.0
한국동서발전㈜,일산발전본부,3,2024-10,,0.0,,0.0,40.0,0.0
한국동서발전㈜,일산발전본부,4,2024-10,,0.0,,0.0,40.0,0.0
한국동서발전㈜,일산발전본부,5,2024-10,,0.0,,0.0,40.0,0.0
한국동서발전㈜,일산발전본부,6,2024-10,,0.0,,0.0,40.0,0.0
한국동서발전㈜,당진발전본부,1,2024-11,25.0,8.3,5.0,11.6,15.0,1.0
한국동서발전㈜,당진발전본부,2,2024-11,48.0,0.0,11.0,0.0,56.0,0.0
한국동서발전㈜,당진발전본부,3,2024-11,25.0,0.0,5.0,0.0,15.0,0.0
한국동서발전㈜,당진발전본부,4,2024-11,25.0,6.1,5.0,9.6,15.0,0.5
한국동서발전㈜,당진발전본부,5,2024-11,48.0,14.2,11.0,18.0,56.0,2.1
한국동서발전㈜,당진발전본부,6,2024-11,48.0,0.0,11.0,0.0,56.0,0.0
한국동서발전㈜,당진발전본부,7,2024-11,48.0,12.6,11.0,16.9,56.0,0.5
한국동서발전㈜,당진발전본부,8,2024-11,48.0,16.8,11.0,37.8,56.0,0.9
한국동서발전㈜,당진발전본부,9,2024-11,40.0,24.3,9.0,47.8,40.0,1.0
한국동서발전㈜,당진발전본부,10,2024-11,40.0,38.1,9.0,50.5,40.0,0.9
한국동서발전㈜,울산발전본부,7,2024-11,,0.0,,0.0,34.0,0.2
한국동서발전㈜,울산발전본부,8,2024-11,,0.0,,0.0,34.0,0.7
한국동서발전㈜,울산발전본부,9,2024-11,,0.0,,0.0,34.0,0.0
한국동서발전㈜,울산발전본부,10,2024-11,,0.0,,0.0,34.0,0.0
한국동서발전㈜,울산발전본부,11,2024-11,,0.0,,0.0,34.0,0.0
한국동서발전㈜,울산발전본부,12,2024-11,,0.0,,0.0,34.0,0.0
한국동서발전㈜,울산발전본부,13,2024-11,,0.0,,0.0,21.0,0.0
한국동서발전㈜,울산발전본부,14,2024-11,,0.0,,0.0,21.0,0.0
한국동서발전㈜,동해바이오발전본부,1,2024-11,120.0,0.0,12.0,0.0,80.0,0.0
한국동서발전㈜,동해바이오발전본부,2,2024-11,120.0,0.0,12.0,0.0,80.0,0.0
한국동서발전㈜,일산발전본부,1,2024-11,,0.0,,0.0,40.0,0.0
한국동서발전㈜,일산발전본부,2,2024-11,,0.0,,0.0,40.0,0.0
한국동서발전㈜,일산발전본부,3,2024-11,,0.0,,0.0,40.0,0.0
한국동서발전㈜,일산발전본부,4,2024-11,,0.0,,0.0,40.0,0.0
한국동서발전㈜,일산발전본부,5,2024-11,,0.0,,0.0,40.0,0.0
한국동서발전㈜,일산발전본부,6,2024-11,,0.0,,0.0,40.0,0.0
한국동서발전㈜,당진발전본부,1,2024-12,25.0,6.4,5.0,11.6,15.0,1.1
한국동서발전㈜,당진발전본부,2,2024-12,48.0,0.0,11.0,0.0,56.0,0.0
한국동서발전㈜,당진발전본부,3,2024-12,25.0,0.0,5.0,0.0,15.0,0.0
한국동서발전㈜,당진발전본부,4,2024-12,25.0,5.6,5.0,8.8,15.0,0.3
한국동서발전㈜,당진발전본부,5,2024-12,48.0,16.9,11.0,21.3,56.0,1.2
한국동서발전㈜,당진발전본부,6,2024-12,48.0,0.0,11.0,0.0,56.0,0.0
한국동서발전㈜,당진발전본부,7,2024-12,48.0,12.4,11.0,16.9,56.0,0.7
한국동서발전㈜,당진발전본부,8,2024-12,48.0,7.5,11.0,8.2,56.0,0.4
한국동서발전㈜,당진발전본부,9,2024-12,40.0,33.9,9.0,49.5,40.0,1.7
한국동서발전㈜,당진발전본부,10,2024-12,40.0,38.5,9.0,41.2,40.0,1.2
한국동서발전㈜,울산발전본부,7,2024-12,,0.0,,0.0,34.0,1.2
한국동서발전㈜,울산발전본부,8,2024-12,,0.0,,0.0,34.0,0.6
한국동서발전㈜,울산발전본부,9,2024-12,,0.0,,0.0,34.0,0.0
한국동서발전㈜,울산발전본부,10,2024-12,,0.0,,0.0,34.0,0.0
한국동서발전㈜,울산발전본부,11,2024-12,,0.0,,0.0,34.0,0.0
한국동서발전㈜,울산발전본부,12,2024-12,,0.0,,0.0,34.0,0.0
한국동서발전㈜,울산발전본부,13,2024-12,,0.0,,0.0,21.0,0.0
한국동서발전㈜,울산발전본부,14,2024-12,,0.0,,0.0,21.0,0.0
한국동서발전㈜,동해바이오발전본부,1,2024-12,120.0,0.0,12.0,0.0,80.0,0.0
한국동서발전㈜,동해바이오발전본부,2,2024-12,120.0,0.0,12.0,0.0,80.0,0.0
한국동서발전㈜,일산발전본부,1,2024-12,,0.0,,0.0,40.0,0.0
한국동서발전㈜,일산발전본부,2,2024-12,,0.0,,0.0,40.0,0.0
한국동서발전㈜,일산발전본부,3,2024-12,,0.0,,0.0,40.0,0.0
한국동서발전㈜,일산발전본부,4,2024-12,,0.0,,0.0,40.0,0.0
한국동서발전㈜,일산발전본부,5,2024-12,,0.0,,0.0,40.0,0.0
한국동서발전㈜,일산발전본부,6,2024-12,,0.0,,0.0,40.0,0.0
