"동별(1)",동별(2),동별(3),2026. 07,2026. 07,2026. 07,2026. 07,2026. 07,2026. 07,2026. 07,2026. 07,2026. 07,2026. 07
"동별(1)",동별(2),동별(3),세대 (세대),합계 (명),합계 (명),합계 (명),한국인 (명),한국인 (명),한국인 (명),외국인 (명),외국인 (명),외국인 (명)
"동별(1)",동별(2),동별(3),소계,소계,남자,여자,소계,남자,여자,소계,남자,여자
"합계",소계,소계,4522718,9552649,4581706,4970943,9284263,4468307,4815956,268386,113399,154987
"합계",종로구,소계,72459,147623,70115,77508,136139,65198,70941,11484,4917,6567
"합계",종로구,청운효자동,4830,10745,4869,5876,10635,4813,5822,110,56,54
"합계",종로구,사직동,4553,9087,4046,5041,8839,3905,4934,248,141,107
"합계",종로구,삼청동,1045,2265,1094,1171,2040,964,1076,225,130,95
"합계",종로구,부암동,4110,9081,4246,4835,8866,4150,4716,215,96,119
"합계",종로구,평창동,7097,17135,7887,9248,16922,7785,9137,213,102,111
"합계",종로구,무악동,2980,7735,3556,4179,7710,3544,4166,25,12,13
"합계",종로구,교남동,4336,9622,4364,5258,9481,4285,5196,141,79,62
"합계",종로구,가회동,1791,3590,1669,1921,3509,1625,1884,81,44,37
"합계",종로구,종로1.2.3.4가동,4875,8523,4971,3552,6589,3989,2600,1934,982,952
"합계",종로구,종로5.6가동,3721,5944,3020,2924,5397,2770,2627,547,250,297
"합계",종로구,이화동,4494,7603,3483,4120,7076,3263,3813,527,220,307
"합계",종로구,혜화동,9318,18859,8555,10304,15729,7509,8220,3130,1046,2084
"합계",종로구,창신1동,2643,5329,2802,2527,4350,2282,2068,979,520,459
"합계",종로구,창신2동,3876,8340,4264,4076,7061,3618,3443,1279,646,633
"합계",종로구,창신3동,2725,6286,3074,3212,6050,2938,3112,236,136,100
"합계",종로구,숭인1동,3015,6032,2942,3090,5661,2770,2891,371,172,199
"합계",종로구,숭인2동,7050,11447,5273,6174,10224,4988,5236,1223,285,938
"합계",중구,소계,63854,127602,61067,66535,117493,56335,61158,10109,4732,5377
"합계",중구,소공동,1244,3507,1691,1816,2202,1025,1177,1305,666,639
"합계",중구,회현동,2270,4642,2353,2289,4035,2035,2000,607,318,289
"합계",중구,명동,1315,3384,1515,1869,2484,1031,1453,900,484,416
"합계",중구,필동,2825,5232,2622,2610,4307,2197,2110,925,425,500
"합계",중구,장충동,2950,5410,2774,2636,4570,2401,2169,840,373,467
"합계",중구,광희동,3976,6981,3393,3588,5718,2769,2949,1263,624,639
"합계",중구,을지로동,2062,3396,1800,1596,3033,1629,1404,363,171,192
"합계",중구,신당동,4671,8639,4094,4545,7258,3507,3751,1381,587,794
"합계",중구,다산동,6707,13263,6371,6892,12833,6172,6661,430,199,231
"합계",중구,약수동,7690,15854,7318,8536,15623,7201,8422,231,117,114
"합계",중구,청구동,5030,10783,5027,5756,10620,4949,5671,163,78,85
"합계",중구,신당5동,5419,10314,4941,5373,9974,4815,5159,340,126,214
"합계",중구,동화동,3954,9882,4732,5150,9737,4661,5076,145,71,74
"합계",중구,황학동,7866,14054,6471,7583,13174,6124,7050,880,347,533
"합계",중구,중림동,5875,12261,5965,6296,11925,5819,6106,336,146,190
"합계",용산구,소계,101944,211750,100963,110787,199575,94772,104803,12175,6191,5984
"합계",용산구,후암동,8308,16004,7665,8339,15579,7452,8127,425,213,212
"합계",용산구,용산2가동,4948,9740,4746,4994,8383,4118,4265,1357,628,729
"합계",용산구,남영동,5001,7511,4431,3080,7017,4211,2806,494,220,274
"합계",용산구,청파동,11553,19691,8788,10903,18784,8578,10206,907,210,697
"합계",용산구,원효로1동,9374,17741,8117,9624,17044,7751,9293,697,366,331
"합계",용산구,원효로2동,6319,13438,6205,7233,13300,6140,7160,138,65,73
"합계",용산구,효창동,4725,10547,4919,5628,10406,4864,5542,141,55,86
"합계",용산구,용문동,5346,11165,5262,5903,11039,5197,5842,126,65,61
"합계",용산구,한강로동,11177,22546,10702,11844,20859,9825,11034,1687,877,810
"합계",용산구,이촌1동,9131,25326,11925,13401,24926,11699,13227,400,226,174
"합계",용산구,이촌2동,3547,7741,3626,4115,7693,3605,4088,48,21,27
"합계",용산구,이태원1동,3085,6628,3418,3210,5386,2641,2745,1242,777,465
"합계",용산구,이태원2동,4668,9853,4715,5138,8337,3958,4379,1516,757,759
"합계",용산구,한남동,6928,15349,7291,8058,13675,6383,7292,1674,908,766
"합계",용산구,서빙고동,5055,12860,6229,6631,12144,5854,6290,716,375,341
"합계",용산구,보광동,2779,5610,2924,2686,5003,2496,2507,607,428,179
"합계",성동구,소계,133729,282264,135636,146628,274346,132283,142063,7918,3353,4565
"합계",성동구,왕십리2동,7334,15953,7616,8337,15611,7467,8144,342,149,193
"합계",성동구,왕십리도선동,12028,26019,12195,13824,25501,12002,13499,518,193,325
"합계",성동구,마장동,11166,22388,10716,11672,21402,10431,10971,986,285,701
"합계",성동구,사근동,8470,14186,7129,7057,12120,6269,5851,2066,860,1206
"합계",성동구,행당1동,7362,16023,7524,8499,15719,7423,8296,304,101,203
"합계",성동구,행당2동,9108,22325,10427,11898,22242,10399,11843,83,28,55
"합계",성동구,응봉동,5827,14431,6819,7612,14354,6781,7573,77,38,39
"합계",성동구,금호1가동,6335,14282,6773,7509,14212,6741,7471,70,32,38
"합계",성동구,금호2.3가동,9373,20756,9836,10920,20594,9766,10828,162,70,92
"합계",성동구,금호4가동,6273,13896,6502,7394,13726,6407,7319,170,95,75
"합계",성동구,옥수동,10699,25367,11789,13578,25113,11644,13469,254,145,109
"합계",성동구,성수1가1동,7252,15066,7422,7644,14748,7253,7495,318,169,149
"합계",성동구,성수1가2동,7094,14541,6999,7542,14289,6888,7401,252,111,141
"합계",성동구,성수2가1동,7070,13764,7093,6671,13241,6811,6430,523,282,241
"합계",성동구,성수2가3동,4865,9605,4695,4910,9318,4559,4759,287,136,151
"합계",성동구,송정동,5100,9483,4964,4519,8992,4720,4272,491,244,247
"합계",성동구,용답동,8373,14179,7137,7042,13164,6722,6442,1015,415,600
"합계",광진구,소계,172185,348371,165187,183184,330802,158095,172707,17569,7092,10477
"합계",광진구,화양동,18236,28450,12634,15816,22970,10815,12155,5480,1819,3661
"합계",광진구,군자동,11273,21342,10371,10971,18485,9048,9437,2857,1323,1534
"합계",광진구,중곡1동,8608,15344,7230,8114,14794,6977,7817,550,253,297
"합계",광진구,중곡2동,10503,20077,9401,10676,19651,9245,10406,426,156,270
"합계",광진구,중곡3동,8433,15512,7556,7956,15188,7425,7763,324,131,193
"합계",광진구,중곡4동,13204,27246,13086,14160,26787,12903,13884,459,183,276
"합계",광진구,능동,6336,11073,5089,5984,10586,4876,5710,487,213,274
"합계",광진구,광장동,11740,33096,15960,17136,32828,15835,16993,268,125,143
"합계",광진구,자양1동,12137,22388,10689,11699,21422,10277,11145,966,412,554
"합계",광진구,자양2동,12197,26593,12786,13807,26269,12643,13626,324,143,181
"합계",광진구,자양3동,10970,26959,12910,14049,26605,12757,13848,354,153,201
"합계",광진구,자양4동,11402,23290,11184,12106,19887,9696,10191,3403,1488,1915
"합계",광진구,구의1동,13588,23960,11203,12757,23192,10890,12302,768,313,455
"합계",광진구,구의2동,11545,25425,12041,13384,24775,11764,13011,650,277,373
"합계",광진구,구의3동,12013,27616,13047,14569,27363,12944,14419,253,103,150
"합계",동대문구,소계,180987,373644,179269,194375,353070,171884,181186,20574,7385,13189
"합계",동대문구,신설동,9585,17096,8285,8811,16369,8064,8305,727,221,506
"합계",동대문구,용두동,12864,23739,11503,12236,22682,11129,11553,1057,374,683
"합계",동대문구,제기동,12821,24793,12348,12445,22100,11381,10719,2693,967,1726
"합계",동대문구,전농1동,16508,33494,16389,17105,32467,16022,16445,1027,367,660
"합계",동대문구,전농2동,7346,17583,8291,9292,17124,8135,8989,459,156,303
"합계",동대문구,답십리1동,13029,28028,13348,14680,27576,13164,14412,452,184,268
"합계",동대문구,답십리2동,12693,27520,13145,14375,27151,12985,14166,369,160,209
"합계",동대문구,장안1동,18676,37955,18324,19631,37038,18033,19005,917,291,626
"합계",동대문구,장안2동,15107,33521,16430,17091,32998,16218,16780,523,212,311
"합계",동대문구,청량리동,9931,18863,9140,9723,18282,8914,9368,581,226,355
"합계",동대문구,회기동,6746,13729,6069,7660,10281,4862,5419,3448,1207,2241
"합계",동대문구,휘경1동,9053,19354,8664,10690,16818,7841,8977,2536,823,1713
"합계",동대문구,휘경2동,12683,24841,12177,12664,23509,11719,11790,1332,458,874
"합계",동대문구,이문1동,15811,34437,16184,18253,30777,14819,15958,3660,1365,2295
"합계",동대문구,이문2동,8134,18691,8972,9719,17898,8598,9300,793,374,419
"합계",중랑구,소계,190382,383339,186444,196895,376282,183450,192832,7057,2994,4063
"합계",중랑구,면목2동,12052,23340,11557,11783,22837,11337,11500,503,220,283
"합계",중랑구,면목4동,8912,17882,8837,9045,17439,8640,8799,443,197,246
"합계",중랑구,면목5동,6176,13912,6857,7055,13743,6799,6944,169,58,111
"합계",중랑구,면목본동,17726,32489,15919,16570,31485,15473,16012,1004,446,558
"합계",중랑구,면목7동,10505,20845,10273,10572,20389,10074,10315,456,199,257
"합계",중랑구,면목3.8동,12699,24050,11820,12230,23378,11505,11873,672,315,357
"합계",중랑구,상봉1동,10360,22960,11059,11901,22757,10971,11786,203,88,115
"합계",중랑구,상봉2동,14039,22467,10481,11986,21916,10264,11652,551,217,334
"합계",중랑구,중화1동,8757,18139,8895,9244,17838,8785,9053,301,110,191
"합계",중랑구,중화2동,14392,26297,13250,13047,25570,12913,12657,727,337,390
"합계",중랑구,묵1동,14903,33118,15692,17426,32873,15589,17284,245,103,142
"합계",중랑구,묵2동,9173,17843,8634,9209,17489,8499,8990,354,135,219
"합계",중랑구,망우본동,18838,38508,18843,19665,37934,18606,19328,574,237,337
"합계",중랑구,망우3동,8266,15730,7814,7916,15173,7586,7587,557,228,329
"합계",중랑구,신내1동,14751,36775,17617,19158,36578,17539,19039,197,78,119
"합계",중랑구,신내2동,8833,18984,8896,10088,18883,8870,10013,101,26,75
"합계",성북구,소계,199650,435815,206307,229508,421289,200918,220371,14526,5389,9137
"합계",성북구,성북동,8040,16127,7404,8723,15524,7155,8369,603,249,354
"합계",성북구,삼선동,11441,22246,10320,11926,21504,10091,11413,742,229,513
"합계",성북구,동선동,9920,16132,6177,9955,14882,5904,8978,1250,273,977
"합계",성북구,돈암1동,5991,13722,6344,7378,13633,6310,7323,89,34,55
"합계",성북구,돈암2동,8513,22886,10796,12090,22764,10747,12017,122,49,73
"합계",성북구,안암동,10506,17957,8574,9383,15585,7809,7776,2372,765,1607
"합계",성북구,보문동,8052,16246,7722,8524,15657,7484,8173,589,238,351
"합계",성북구,정릉1동,7343,17680,8420,9260,17419,8317,9102,261,103,158
"합계",성북구,정릉2동,9508,21761,10338,11423,21418,10210,11208,343,128,215
"합계",성북구,정릉3동,7949,15483,7518,7965,13814,6775,7039,1669,743,926
"합계",성북구,정릉4동,10762,23949,11210,12739,23379,11071,12308,570,139,431
"합계",성북구,길음1동,12803,35486,16785,18701,35330,16731,18599,156,54,102
"합계",성북구,길음2동,8649,21513,10242,11271,21370,10183,11187,143,59,84
"합계",성북구,종암동,17200,39048,18937,20111,36678,18019,18659,2370,918,1452
"합계",성북구,월곡1동,10580,24659,11792,12867,24368,11684,12684,291,108,183
"합계",성북구,월곡2동,9636,19168,8947,10221,18389,8666,9723,779,281,498
"합계",성북구,장위1동,10592,22762,11074,11688,22496,10964,11532,266,110,156
"합계",성북구,장위2동,7826,16034,7816,8218,15650,7653,7997,384,163,221
"합계",성북구,장위3동,7678,18882,9195,9687,18710,9136,9574,172,59,113
"합계",성북구,석관동,16661,34074,16696,17378,32719,16009,16710,1355,687,668
"합계",강북구,소계,142731,285130,135907,149223,277695,133427,144268,7435,2480,4955
"합계",강북구,삼양동,11712,24467,11959,12508,24209,11871,12338,258,88,170
"합계",강북구,미아동,11793,21088,9913,11175,20058,9587,10471,1030,326,704
"합계",강북구,송중동,13550,28049,13291,14758,27163,12922,14241,886,369,517
"합계",강북구,송천동,12109,23185,11343,11842,22646,11125,11521,539,218,321
"합계",강북구,삼각산동,11523,29917,14287,15630,29816,14251,15565,101,36,65
"합계",강북구,번1동,9673,17088,8238,8850,15914,7824,8090,1174,414,760
"합계",강북구,번2동,7366,14295,6789,7506,14124,6727,7397,171,62,109
"합계",강북구,번3동,7514,15395,7066,8329,15328,7047,8281,67,19,48
"합계",강북구,수유1동,10471,19817,9580,10237,19228,9409,9819,589,171,418
"합계",강북구,수유2동,9661,20021,9413,10608,19749,9330,10419,272,83,189
"합계",강북구,수유3동,13582,23863,11212,12651,22221,10735,11486,1642,477,1165
"합계",강북구,우이동,9654,19578,9269,10309,19339,9183,10156,239,86,153
"합계",강북구,인수동,14123,28367,13547,14820,27900,13416,14484,467,131,336
"합계",도봉구,소계,139158,301279,144875,156404,298067,143743,154324,3212,1132,2080
"합계",도봉구,창1동,10562,22854,10782,12072,22592,10676,11916,262,106,156
"합계",도봉구,창2동,12765,27770,13357,14413,27436,13226,14210,334,131,203
"합계",도봉구,창3동,6337,12657,6296,6361,12535,6254,6281,122,42,80
"합계",도봉구,창4동,11310,25954,12327,13627,25836,12279,13557,118,48,70
"합계",도봉구,창5동,10327,23387,11061,12326,23225,11003,12222,162,58,104
"합계",도봉구,도봉1동,10266,19534,9763,9771,19343,9692,9651,191,71,120
"합계",도봉구,도봉2동,11876,25776,12456,13320,25627,12391,13236,149,65,84
"합계",도봉구,쌍문1동,9787,20980,9786,11194,20485,9704,10781,495,82,413
"합계",도봉구,쌍문2동,8429,17485,8370,9115,17228,8232,8996,257,138,119
"합계",도봉구,쌍문3동,8207,16231,7655,8576,15870,7553,8317,361,102,259
"합계",도봉구,쌍문4동,7097,17623,8279,9344,17557,8261,9296,66,18,48
"합계",도봉구,방학1동,13242,28094,13815,14279,27718,13668,14050,376,147,229
"합계",도봉구,방학2동,9031,17642,8806,8836,17398,8703,8695,244,103,141
"합계",도봉구,방학3동,9922,25292,12122,13170,25217,12101,13116,75,21,54
"합계",노원구,소계,217438,485931,231676,254255,480549,229537,251012,5382,2139,3243
"합계",노원구,월계1동,10321,21050,10721,10329,20183,10340,9843,867,381,486
"합계",노원구,월계2동,11579,24714,11784,12930,24508,11699,12809,206,85,121
"합계",노원구,월계3동,12804,27739,13130,14609,27563,13073,14490,176,57,119
"합계",노원구,공릉1동,18940,36038,17291,18747,35160,16925,18235,878,366,512
"합계",노원구,공릉2동,18038,41623,19951,21672,40661,19644,21017,962,307,655
"합계",노원구,하계1동,12137,25844,12251,13593,25144,11933,13211,700,318,382
"합계",노원구,하계2동,7583,19505,9254,10251,19453,9238,10215,52,16,36
"합계",노원구,중계본동,7847,22027,10613,11414,21964,10590,11374,63,23,40
"합계",노원구,중계1동,8924,25835,12610,13225,25742,12579,13163,93,31,62
"합계",노원구,중계4동,8102,18666,8989,9677,18473,8847,9626,193,142,51
"합계",노원구,중계2.3동,14900,31168,14048,17120,31044,14007,17037,124,41,83
"합계",노원구,상계1동,15670,36006,17198,18808,35830,17128,18702,176,70,106
"합계",노원구,상계2동,8564,18726,9178,9548,18509,9096,9413,217,82,135
"합계",노원구,상계3.4동,12292,26493,13114,13379,26367,13074,13293,126,40,86
"합계",노원구,상계5동,10849,22130,10684,11446,21965,10636,11329,165,48,117
"합계",노원구,상계6.7동,13729,30268,13782,16486,30097,13716,16381,171,66,105
"합계",노원구,상계8동,9106,21279,10048,11231,21214,10036,11178,65,12,53
"합계",노원구,상계9동,8303,18913,8785,10128,18835,8761,10074,78,24,54
"합계",노원구,상계10동,7750,17907,8245,9662,17837,8215,9622,70,30,40
"합계",은평구,소계,214903,457565,215730,241835,453056,214001,239055,4509,1729,2780
"합계",은평구,녹번동,17533,35446,16596,18850,35046,16425,18621,400,171,229
"합계",은평구,불광1동,16280,33851,15815,18036,33607,15693,17914,244,122,122
"합계",은평구,불광2동,14179,26353,12606,13747,26086,12512,13574,267,94,173
"합계",은평구,갈현1동,7198,14081,6715,7366,13925,6662,7263,156,53,103
"합계",은평구,갈현2동,12750,26852,12617,14235,26577,12508,14069,275,109,166
"합계",은평구,구산동,13548,30743,14827,15916,30529,14743,15786,214,84,130
"합계",은평구,대조동,15536,27253,12449,14804,26859,12318,14541,394,131,263
"합계",은평구,응암1동,15140,32228,14903,17325,31894,14780,17114,334,123,211
"합계",은평구,응암2동,10942,26954,12961,13993,26723,12864,13859,231,97,134
"합계",은평구,응암3동,12528,23269,11143,12126,22695,10915,11780,574,228,346
"합계",은평구,역촌동,21355,44684,20847,23837,44235,20683,23552,449,164,285
"합계",은평구,신사1동,12106,25981,12278,13703,25755,12200,13555,226,78,148
"합계",은평구,신사2동,9055,19565,9574,9991,19343,9506,9837,222,68,154
"합계",은평구,증산동,6592,15290,7318,7972,15149,7258,7891,141,60,81
"합계",은평구,수색동,8599,21261,10211,11050,21076,10130,10946,185,81,104
"합계",은평구,진관동,21562,53754,24870,28884,53557,24804,28753,197,66,131
"합계",서대문구,소계,147065,315222,145774,169448,299531,141080,158451,15691,4694,10997
"합계",서대문구,천연동,7638,16488,7751,8737,16290,7639,8651,198,112,86
"합계",서대문구,북아현동,6997,15368,7380,7988,15030,7236,7794,338,144,194
"합계",서대문구,충현동,9916,19547,9314,10233,19058,9088,9970,489,226,263
"합계",서대문구,신촌동,15497,27450,10183,17267,20565,8729,11836,6885,1454,5431
"합계",서대문구,연희동,18657,36514,16783,19731,33004,15585,17419,3510,1198,2312
"합계",서대문구,홍제1동,11188,24467,11323,13144,24212,11220,12992,255,103,152
"합계",서대문구,홍제3동,7933,17317,8160,9157,17132,8091,9041,185,69,116
"합계",서대문구,홍제2동,5228,11894,5514,6380,11803,5480,6323,91,34,57
"합계",서대문구,홍은1동,10422,23559,11229,12330,23335,11148,12187,224,81,143
"합계",서대문구,홍은2동,12744,28057,13270,14787,27021,12892,14129,1036,378,658
"합계",서대문구,남가좌1동,6385,17520,8325,9195,17261,8235,9026,259,90,169
"합계",서대문구,남가좌2동,13246,29909,14013,15896,28276,13453,14823,1633,560,1073
"합계",서대문구,북가좌1동,6706,17186,8231,8955,17043,8159,8884,143,72,71
"합계",서대문구,북가좌2동,14508,29946,14298,15648,29501,14125,15376,445,173,272
"합계",마포구,소계,180518,367291,169056,198235,356154,165241,190913,11137,3815,7322
"합계",마포구,아현동,12103,29085,13423,15662,28562,13216,15346,523,207,316
"합계",마포구,공덕동,18469,36465,16923,19542,35752,16609,19143,713,314,399
"합계",마포구,도화동,9318,20499,9694,10805,20250,9569,10681,249,125,124
"합계",마포구,용강동,9266,21538,10083,11455,21170,9905,11265,368,178,190
"합계",마포구,대흥동,8671,15942,7247,8695,14194,6721,7473,1748,526,1222
"합계",마포구,염리동,7709,17510,8169,9341,16737,7970,8767,773,199,574
"합계",마포구,신수동,10120,22360,10820,11540,21989,10677,11312,371,143,228
"합계",마포구,서강동,12292,25037,11801,13236,24292,11595,12697,745,206,539
"합계",마포구,서교동,15142,25737,11315,14422,23414,10653,12761,2323,662,1661
"합계",마포구,합정동,8865,15849,7175,8674,15449,7038,8411,400,137,263
"합계",마포구,망원1동,10011,18650,8629,10021,18331,8488,9843,319,141,178
"합계",마포구,망원2동,8159,17260,7953,9307,17029,7867,9162,231,86,145
"합계",마포구,연남동,8307,14744,6748,7996,13825,6410,7415,919,338,581
"합계",마포구,성산1동,9648,18649,8446,10203,18264,8305,9959,385,141,244
"합계",마포구,성산2동,19659,38245,16810,21435,37867,16715,21152,378,95,283
"합계",마포구,상암동,12779,29721,13820,15901,29029,13503,15526,692,317,375
"합계",양천구,소계,178893,423915,205773,218142,420595,204487,216108,3320,1286,2034
"합계",양천구,목1동,10330,29943,14380,15563,29804,14313,15491,139,67,72
"합계",양천구,목2동,13265,27983,13360,14623,27730,13263,14467,253,97,156
"합계",양천구,목3동,10076,20680,9770,10910,20483,9692,10791,197,78,119
"합계",양천구,목4동,9871,23629,11443,12186,23460,11387,12073,169,56,113
"합계",양천구,목5동,13537,40471,19989,20482,40345,19941,20404,126,48,78
"합계",양천구,신월1동,9879,18714,9524,9190,18440,9426,9014,274,98,176
"합계",양천구,신월2동,8714,20558,9962,10596,20408,9912,10496,150,50,100
"합계",양천구,신월3동,7407,13658,7163,6495,13445,7076,6369,213,87,126
"합계",양천구,신월4동,6757,16626,7989,8637,16530,7956,8574,96,33,63
"합계",양천구,신월5동,6360,13751,6750,7001,13596,6691,6905,155,59,96
"합계",양천구,신월6동,5306,13631,6654,6977,13565,6627,6938,66,27,39
"합계",양천구,신월7동,9080,17970,8663,9307,17811,8614,9197,159,49,110
"합계",양천구,신정1동,6957,19424,9444,9980,19331,9400,9931,93,44,49
"합계",양천구,신정2동,6891,18686,9125,9561,18597,9087,9510,89,38,51
"합계",양천구,신정3동,18105,44795,21561,23234,44524,21450,23074,271,111,160
"합계",양천구,신정4동,16679,31793,15238,16555,31124,14981,16143,669,257,412
"합계",양천구,신정6동,8214,23833,11520,12313,23791,11500,12291,42,20,22
"합계",양천구,신정7동,11465,27770,13238,14532,27611,13171,14440,159,67,92
"합계",강서구,소계,274725,554922,264367,290555,548268,261594,286674,6654,2773,3881
"합계",강서구,염창동,16853,41110,19618,21492,40954,19568,21386,156,50,106
"합계",강서구,등촌1동,14275,25095,11495,13600,24834,11416,13418,261,79,182
"합계",강서구,등촌2동,8643,19049,9256,9793,18892,9188,9704,157,68,89
"합계",강서구,등촌3동,15058,28643,13406,15237,28437,13322,15115,206,84,122
"합계",강서구,화곡1동,28364,50884,24415,26469,49649,23941,25708,1235,474,761
"합계",강서구,화곡2동,8270,17015,8131,8884,16664,7990,8674,351,141,210
"합계",강서구,화곡3동,9683,20652,9789,10863,20456,9713,10743,196,76,120
"합계",강서구,화곡4동,9670,19361,9331,10030,18970,9175,9795,391,156,235
"합계",강서구,화곡본동,17278,32128,15490,16638,31594,15291,16303,534,199,335
"합계",강서구,화곡6동,13428,25602,12182,13420,25235,12040,13195,367,142,225
"합계",강서구,화곡8동,11525,22713,10911,11802,22252,10710,11542,461,201,260
"합계",강서구,가양1동,21055,33677,15049,18628,33334,14919,18415,343,130,213
"합계",강서구,가양2동,7908,12874,6045,6829,12804,6023,6781,70,22,48
"합계",강서구,가양3동,7524,13388,6180,7208,13301,6142,7159,87,38,49
"합계",강서구,발산1동,13630,34862,16392,18470,34555,16201,18354,307,191,116
"합계",강서구,우장산동,17473,43878,20794,23084,43602,20689,22913,276,105,171
"합계",강서구,공항동,13784,29167,14704,14463,28574,14390,14184,593,314,279
"합계",강서구,방화1동,16834,40702,19755,20947,40456,19638,20818,246,117,129
"합계",강서구,방화2동,12361,22761,11237,11524,22486,11103,11383,275,134,141
"합계",강서구,방화3동,11109,21361,10187,11174,21219,10135,11084,142,52,90
"합계",구로구,소계,185254,404394,198033,206361,382531,186598,195933,21863,11435,10428
"합계",구로구,신도림동,14435,36021,17274,18747,35692,17106,18586,329,168,161
"합계",구로구,구로1동,8440,20210,9864,10346,20023,9786,10237,187,78,109
"합계",구로구,구로2동,12084,27592,14078,13514,21647,10767,10880,5945,3311,2634
"합계",구로구,구로3동,13714,24444,12537,11907,22653,11687,10966,1791,850,941
"합계",구로구,구로4동,10075,21114,10359,10755,17562,8405,9157,3552,1954,1598
"합계",구로구,구로5동,15613,30988,15119,15869,28474,13866,14608,2514,1253,1261
"합계",구로구,가리봉동,6219,11966,6631,5335,8878,4914,3964,3088,1717,1371
"합계",구로구,고척1동,11719,26535,13149,13386,26224,13004,13220,311,145,166
"합계",구로구,고척2동,11315,25073,12278,12795,24695,12086,12609,378,192,186
"합계",구로구,개봉1동,15407,33982,16783,17199,33190,16374,16816,792,409,383
"합계",구로구,개봉2동,12746,29502,14105,15397,29075,13894,15181,427,211,216
"합계",구로구,개봉3동,8543,18939,9103,9836,18493,8881,9612,446,222,224
"합계",구로구,오류1동,13344,23889,11267,12622,22970,10873,12097,919,394,525
"합계",구로구,오류2동,15505,35963,16986,18977,35381,16710,18671,582,276,306
"합계",구로구,수궁동,9917,22015,10737,11278,21619,10560,11059,396,177,219
"합계",구로구,항동,6178,16161,7763,8398,15955,7685,8270,206,78,128
"합계",금천구,소계,122157,235173,118126,117047,222421,111546,110875,12752,6580,6172
"합계",금천구,가산동,18943,27746,14792,12954,25534,13636,11898,2212,1156,1056
"합계",금천구,독산1동,26827,49685,25044,24641,47702,24107,23595,1983,937,1046
"합계",금천구,독산2동,9361,18277,9163,9114,17020,8519,8501,1257,644,613
"합계",금천구,독산3동,12763,25512,12960,12552,22566,11338,11228,2946,1622,1324
"합계",금천구,독산4동,7426,15220,7667,7553,13776,6888,6888,1444,779,665
"합계",금천구,시흥1동,16326,32390,16035,16355,30925,15298,15627,1465,737,728
"합계",금천구,시흥2동,8145,19815,9475,10340,19698,9429,10269,117,46,71
"합계",금천구,시흥3동,4663,10061,4961,5100,9896,4877,5019,165,84,81
"합계",금천구,시흥4동,8802,18852,9331,9521,18231,9021,9210,621,310,311
"합계",금천구,시흥5동,8901,17615,8698,8917,17073,8433,8640,542,265,277
"합계",영등포구,소계,193574,392903,191955,200948,371691,181081,190610,21212,10874,10338
"합계",영등포구,영등포본동,10426,21834,11207,10627,20220,10359,9861,1614,848,766
"합계",영등포구,영등포동,22319,32148,16116,16032,31182,15729,15453,966,387,579
"합계",영등포구,여의동,14250,34371,16113,18258,33985,15912,18073,386,201,185
"합계",영등포구,당산1동,11949,21398,10214,11184,20995,10053,10942,403,161,242
"합계",영등포구,당산2동,18993,36661,17009,19652,36231,16852,19379,430,157,273
"합계",영등포구,도림동,9975,19324,9769,9555,17524,8871,8653,1800,898,902
"합계",영등포구,문래동,12983,31297,15187,16110,31094,15097,15997,203,90,113
"합계",영등포구,양평1동,10650,19864,9381,10483,19581,9279,10302,283,102,181
"합계",영등포구,양평2동,11285,22649,10834,11815,22377,10733,11644,272,101,171
"합계",영등포구,신길1동,11703,20119,10208,9911,18904,9568,9336,1215,640,575
"합계",영등포구,신길3동,7888,16923,8412,8511,16063,7951,8112,860,461,399
"합계",영등포구,신길4동,5711,12342,6065,6277,11761,5777,5984,581,288,293
"합계",영등포구,신길5동,4456,10396,5105,5291,9521,4599,4922,875,506,369
"합계",영등포구,신길6동,9212,18338,8846,9492,17683,8528,9155,655,318,337
"합계",영등포구,신길7동,7863,19524,9622,9902,19334,9532,9802,190,90,100
"합계",영등포구,대림1동,6794,15475,7745,7730,13169,6509,6660,2306,1236,1070
"합계",영등포구,대림2동,6849,16500,8277,8223,11421,5520,5901,5079,2757,2322
"합계",영등포구,대림3동,10268,23740,11845,11895,20646,10212,10434,3094,1633,1461
"합계",동작구,소계,187843,383623,184002,199621,371543,179268,192275,12080,4734,7346
"합계",동작구,노량진1동,18514,35360,17897,17463,33477,17152,16325,1883,745,1138
"합계",동작구,노량진2동,5379,8462,4486,3976,7504,4001,3503,958,485,473
"합계",동작구,상도1동,23227,45978,21900,24078,43918,21256,22662,2060,644,1416
"합계",동작구,상도2동,12287,27134,12754,14380,26684,12608,14076,450,146,304
"합계",동작구,상도3동,12233,23805,11211,12594,23316,11015,12301,489,196,293
"합계",동작구,상도4동,14757,29103,14075,15028,28606,13907,14699,497,168,329
"합계",동작구,흑석동,12998,31894,14979,16915,29795,14279,15516,2099,700,1399
"합계",동작구,사당1동,14022,22604,10833,11771,22126,10652,11474,478,181,297
"합계",동작구,사당2동,12500,27831,13303,14528,27575,13190,14385,256,113,143
"합계",동작구,사당3동,10417,23391,11232,12159,23182,11153,12029,209,79,130
"합계",동작구,사당4동,7307,13705,6521,7184,13509,6437,7072,196,84,112
"합계",동작구,사당5동,6612,13770,6578,7192,13656,6528,7128,114,50,64
"합계",동작구,대방동,16083,33866,15868,17998,33446,15702,17744,420,166,254
"합계",동작구,신대방1동,10462,24418,11755,12663,22742,10887,11855,1676,868,808
"합계",동작구,신대방2동,11045,22302,10610,11692,22007,10501,11506,295,109,186
"합계",관악구,소계,291318,497177,247593,249584,477503,239793,237710,19674,7800,11874
"합계",관악구,보라매동,12964,23462,11392,12070,22912,11162,11750,550,230,320
"합계",관악구,청림동,6348,14277,6796,7481,14129,6732,7397,148,64,84
"합계",관악구,성현동,12945,29682,14261,15421,29450,14157,15293,232,104,128
"합계",관악구,행운동,18351,29083,13821,15262,28368,13596,14772,715,225,490
"합계",관악구,낙성대동,12639,18340,9199,9141,17682,8914,8768,658,285,373
"합계",관악구,청룡동,24956,37265,17696,19569,36090,17269,18821,1175,427,748
"합계",관악구,은천동,16071,31799,15399,16400,31258,15202,16056,541,197,344
"합계",관악구,중앙동,10583,15589,7361,8228,15160,7200,7960,429,161,268
"합계",관악구,인헌동,15101,25391,12179,13212,24920,12011,12909,471,168,303
"합계",관악구,남현동,9813,17323,8334,8989,17095,8252,8843,228,82,146
"합계",관악구,서원동,15527,23839,12338,11501,22738,11953,10785,1101,385,716
"합계",관악구,신원동,11370,18054,9134,8920,17140,8757,8383,914,377,537
"합계",관악구,서림동,15934,25277,13860,11417,23624,13216,10408,1653,644,1009
"합계",관악구,신사동,14836,24211,11913,12298,22063,10939,11124,2148,974,1174
"합계",관악구,신림동,19737,24791,13139,11652,23466,12707,10759,1325,432,893
"합계",관악구,난향동,6128,14379,7007,7372,14260,6950,7310,119,57,62
"합계",관악구,조원동,12701,21384,10553,10831,19916,9862,10054,1468,691,777
"합계",관악구,대학동,18603,29565,17095,12470,25053,15328,9725,4512,1767,2745
"합계",관악구,삼성동,9820,20077,9906,10171,19889,9832,10057,188,74,114
"합계",관악구,미성동,14099,28928,14084,14844,28292,13818,14474,636,266,370
"합계",관악구,난곡동,12792,24461,12126,12335,23998,11936,12062,463,190,273
"합계",서초구,소계,174037,419518,199090,220428,414616,196787,217829,4902,2303,2599
"합계",서초구,서초1동,9569,20238,9665,10573,20021,9580,10441,217,85,132
"합계",서초구,서초2동,11584,25320,11881,13439,24869,11660,13209,451,221,230
"합계",서초구,서초3동,15721,32572,15333,17239,32149,15139,17010,423,194,229
"합계",서초구,서초4동,10727,30249,14731,15518,29976,14598,15378,273,133,140
"합계",서초구,잠원동,13223,34627,16645,17982,34321,16506,17815,306,139,167
"합계",서초구,반포본동,102,213,103,110,208,99,109,5,4,1
"합계",서초구,반포1동,14416,33593,16406,17187,33074,16200,16874,519,206,313
"합계",서초구,반포2동,8608,26692,12611,14081,26535,12535,14000,157,76,81
"합계",서초구,반포3동,8221,23612,11213,12399,23530,11173,12357,82,40,42
"합계",서초구,반포4동,6841,18638,8742,9896,17828,8298,9530,810,444,366
"합계",서초구,방배본동,7807,19962,9167,10795,19776,9068,10708,186,99,87
"합계",서초구,방배1동,7591,16532,7675,8857,16359,7596,8763,173,79,94
"합계",서초구,방배2동,7727,17497,8133,9364,17379,8087,9292,118,46,72
"합계",서초구,방배3동,5764,15511,7336,8175,15360,7269,8091,151,67,84
"합계",서초구,방배4동,10673,26060,11858,14202,25702,11707,13995,358,151,207
"합계",서초구,양재1동,17463,40524,19109,21415,40201,18976,21225,323,133,190
"합계",서초구,양재2동,11012,21011,10502,10509,20742,10349,10393,269,153,116
"합계",서초구,내곡동,6988,16667,7980,8687,16586,7947,8639,81,33,48
"합계",강남구,소계,244825,558809,266436,292373,552631,263657,288974,6178,2779,3399
"합계",강남구,신사동,6544,15158,7098,8060,14959,7002,7957,199,96,103
"합계",강남구,논현1동,13468,21451,10075,11376,20607,9734,10873,844,341,503
"합계",강남구,논현2동,11115,20502,9496,11006,20085,9312,10773,417,184,233
"합계",강남구,압구정동,9920,25584,11879,13705,25358,11768,13590,226,111,115
"합계",강남구,청담동,11541,26706,12476,14230,26419,12316,14103,287,160,127
"합계",강남구,삼성1동,5551,13050,6384,6666,12737,6179,6558,313,205,108
"합계",강남구,삼성2동,13792,30500,14511,15989,30188,14363,15825,312,148,164
"합계",강남구,대치1동,7208,23589,11867,11722,23555,11846,11709,34,21,13
"합계",강남구,대치2동,13441,38428,19555,18873,38240,19430,18810,188,125,63
"합계",강남구,대치4동,9604,18380,8733,9647,18027,8595,9432,353,138,215
"합계",강남구,역삼1동,23908,35719,17355,18364,34281,16771,17510,1438,584,854
"합계",강남구,역삼2동,15670,36400,16895,19505,36001,16732,19269,399,163,236
"합계",강남구,도곡1동,8510,20902,9783,11119,20785,9735,11050,117,48,69
"합계",강남구,도곡2동,11150,31264,14405,16859,31147,14332,16815,117,73,44
"합계",강남구,개포1동,9127,26566,12781,13785,26498,12746,13752,68,35,33
"합계",강남구,개포2동,14174,40183,19441,20742,40018,19370,20648,165,71,94
"합계",강남구,개포3동,6971,15506,7431,8075,15438,7404,8034,68,27,41
"합계",강남구,개포4동,10039,23159,11109,12050,22970,11029,11941,189,80,109
"합계",강남구,세곡동,20172,45865,21387,24478,45664,21316,24348,201,71,130
"합계",강남구,일원본동,7924,22257,10993,11264,22235,10984,11251,22,9,13
"합계",강남구,일원1동,7448,14128,6728,7400,13982,6671,7311,146,57,89
"합계",강남구,수서동,7548,13512,6054,7458,13437,6022,7415,75,32,43
"합계",송파구,소계,289569,655894,313435,342459,649715,310719,338996,6179,2716,3463
"합계",송파구,풍납1동,5096,10921,5338,5583,10573,5165,5408,348,173,175
"합계",송파구,풍납2동,10646,23230,10948,12282,22996,10851,12145,234,97,137
"합계",송파구,거여1동,5669,11862,5826,6036,11777,5796,5981,85,30,55
"합계",송파구,거여2동,10052,22959,11030,11929,22861,10992,11869,98,38,60
"합계",송파구,마천1동,7249,15170,7697,7473,15039,7648,7391,131,49,82
"합계",송파구,마천2동,8394,17007,8629,8378,16837,8555,8282,170,74,96
"합계",송파구,방이1동,6150,14849,7121,7728,14754,7084,7670,95,37,58
"합계",송파구,방이2동,16283,27028,12067,14961,26312,11776,14536,716,291,425
"합계",송파구,오륜동,5867,17368,8546,8822,17336,8530,8806,32,16,16
"합계",송파구,오금동,15736,37242,17985,19257,36932,17834,19098,310,151,159
"합계",송파구,송파1동,12470,23130,10639,12491,22812,10493,12319,318,146,172
"합계",송파구,송파2동,6811,17319,8295,9024,17188,8237,8951,131,58,73
"합계",송파구,석촌동,17099,30466,14273,16193,29916,14056,15860,550,217,333
"합계",송파구,삼전동,16036,28531,13316,15215,28113,13144,14969,418,172,246
"합계",송파구,가락본동,11717,24815,12270,12545,24537,12154,12383,278,116,162
"합계",송파구,가락1동,9759,27404,13174,14230,27034,12990,14044,370,184,186
"합계",송파구,가락2동,11653,28298,13795,14503,28125,13722,14403,173,73,100
"합계",송파구,문정1동,8980,19716,9648,10068,19546,9565,9981,170,83,87
"합계",송파구,문정2동,15808,28729,13119,15610,28531,13035,15496,198,84,114
"합계",송파구,장지동,13232,30847,14737,16110,30687,14671,16016,160,66,94
"합계",송파구,위례동,15045,44978,21792,23186,44828,21748,23080,150,44,106
"합계",송파구,잠실본동,15938,27391,12947,14444,26864,12715,14149,527,232,295
"합계",송파구,잠실2동,11527,34589,16536,18053,34491,16478,18013,98,58,40
"합계",송파구,잠실3동,11788,33556,15850,17706,33421,15777,17644,135,73,62
"합계",송파구,잠실4동,11410,32924,15826,17098,32843,15785,17058,81,41,40
"합계",송파구,잠실6동,5786,16265,7706,8559,16078,7601,8477,187,105,82
"합계",송파구,잠실7동,3368,9300,4325,4975,9284,4317,4967,16,8,8
"합계",강동구,소계,223520,503495,244890,258605,498701,242813,255888,4794,2077,2717
"합계",강동구,강일동,13908,34381,16392,17989,34193,16333,17860,188,59,129
"합계",강동구,상일1동,13560,39054,19126,19928,38893,19048,19845,161,78,83
"합계",강동구,상일2동,5273,13177,6163,7014,13124,6144,6980,53,19,34
"합계",강동구,명일1동,10025,24852,12167,12685,24736,12125,12611,116,42,74
"합계",강동구,명일2동,6433,16913,8242,8671,16802,8177,8625,111,65,46
"합계",강동구,고덕1동,8140,23672,12184,11488,23589,12141,11448,83,43,40
"합계",강동구,고덕2동,10390,26490,13181,13309,26261,13035,13226,229,146,83
"합계",강동구,암사1동,15842,32756,16104,16652,32448,15980,16468,308,124,184
"합계",강동구,암사2동,6418,14561,7061,7500,14494,7040,7454,67,21,46
"합계",강동구,암사3동,6039,16897,8176,8721,16858,8158,8700,39,18,21
"합계",강동구,천호1동,12379,24069,11728,12341,23790,11624,12166,279,104,175
"합계",강동구,천호2동,19295,36690,17739,18951,36061,17466,18595,629,273,356
"합계",강동구,천호3동,15859,28379,13544,14835,27726,13204,14522,653,340,313
"합계",강동구,성내1동,8245,18993,9032,9961,18830,8978,9852,163,54,109
"합계",강동구,성내2동,13916,24470,11799,12671,23839,11497,12342,631,302,329
"합계",강동구,성내3동,10665,21867,10554,11313,21509,10416,11093,358,138,220
"합계",강동구,길동,24205,47908,23108,24800,47421,22947,24474,487,161,326
"합계",강동구,둔촌1동,11983,33147,16264,16883,33033,16225,16808,114,39,75
"합계",강동구,둔촌2동,10945,25219,12326,12893,25094,12275,12819,125,51,74
